,entity,relation,true_tail,pred,/people/person/gender,/people/person/languages,/people/person/nationality,/people/person/profession,/people/person/places_lived./people/place_lived/location,/people/person/spouse_s./people/marriage/type_of_union,/people/person/religion
0,4313,/people/person/profession,2,5,-1,-1,-1,1370,-1,-1,-1
1,2881,/people/person/profession,5,5,-1,-1,-1,1370,-1,-1,-1
2,13611,/people/person/profession,2,1,-1,-1,-1,159,-1,-1,-1
3,6226,/people/person/profession,5,5,-1,-1,-1,11246,-1,-1,-1
4,5164,/people/person/profession,5,5,-1,-1,10390,13720,-1,-1,-1
5,2811,/people/person/profession,5,5,-1,-1,-1,733,-1,-1,-1
6,2124,/people/person/profession,5,5,-1,-1,-1,-1,-1,-1,-1
7,10792,/people/person/profession,5,2,-1,-1,-1,-1,-1,-1,-1
8,189,/people/person/profession,0,5,-1,-1,10390,3444,-1,-1,-1
9,2606,/people/person/profession,5,4,-1,4353,-1,11852,-1,-1,-1
10,13524,/people/person/profession,0,0,-1,-1,-1,4396,-1,-1,-1
11,7033,/people/person/profession,0,5,8663,-1,-1,4396,-1,-1,-1
12,3927,/people/person/profession,5,5,-1,-1,-1,3444,-1,-1,-1
13,9931,/people/person/profession,0,0,-1,-1,10390,4396,-1,-1,-1
14,10239,/people/person/profession,4,0,-1,-1,-1,6121,-1,-1,-1
15,10320,/people/person/profession,5,5,-1,-1,-1,733,-1,-1,-1
16,5807,/people/person/profession,5,5,8663,-1,-1,1259,-1,-1,-1
17,2651,/people/person/profession,2,2,-1,-1,-1,1370,-1,-1,-1
18,5472,/people/person/profession,0,0,-1,-1,-1,4396,-1,-1,-1
19,9114,/people/person/profession,1,2,-1,-1,10390,923,-1,-1,-1
20,6533,/people/person/profession,5,5,-1,-1,-1,-1,-1,-1,-1
21,13375,/people/person/profession,5,5,8663,-1,-1,1370,-1,-1,-1
22,1551,/people/person/profession,1,2,5420,-1,-1,11852,-1,-1,-1
23,4566,/people/person/profession,1,0,-1,-1,-1,11852,-1,-1,-1
24,12559,/people/person/profession,4,5,-1,-1,-1,6121,-1,-1,-1
25,2457,/people/person/profession,5,5,-1,-1,-1,10485,-1,-1,-1
26,1239,/people/person/profession,1,2,-1,-1,-1,11852,-1,-1,-1
27,4478,/people/person/profession,0,0,8663,-1,-1,4396,-1,-1,-1
28,12195,/people/person/profession,5,5,-1,-1,-1,-1,-1,-1,-1
29,10478,/people/person/profession,5,5,5420,-1,-1,13317,-1,-1,-1
30,7670,/people/person/profession,5,0,-1,-1,-1,13857,-1,-1,-1
31,7101,/people/person/profession,5,0,5420,-1,-1,13857,-1,-1,-1
32,6096,/people/person/profession,2,0,-1,-1,-1,1370,-1,-1,-1
33,6650,/people/person/profession,4,4,-1,-1,-1,6121,-1,-1,-1
34,2498,/people/person/profession,5,5,-1,-1,-1,-1,-1,-1,-1
35,22,/people/person/profession,5,0,-1,-1,-1,11246,-1,-1,-1
36,1222,/people/person/profession,5,5,-1,-1,-1,13803,-1,7835,-1
37,12703,/people/person/profession,5,5,-1,-1,-1,-1,-1,-1,-1
38,6020,/people/person/profession,3,1,-1,-1,-1,4441,-1,-1,-1
39,5936,/people/person/profession,5,5,-1,-1,-1,-1,-1,-1,-1
40,3757,/people/person/profession,0,0,-1,-1,-1,4396,-1,-1,-1
41,11174,/people/person/profession,5,5,-1,-1,-1,11852,-1,-1,-1
42,6060,/people/person/profession,5,5,-1,-1,-1,1259,-1,-1,-1
43,728,/people/person/profession,0,5,-1,-1,-1,4396,-1,-1,-1
44,683,/people/person/profession,5,5,-1,-1,-1,11863,-1,7835,-1
45,7494,/people/person/profession,2,1,-1,-1,-1,923,-1,-1,-1
46,7359,/people/person/profession,0,3,-1,-1,-1,4396,-1,-1,-1
47,12406,/people/person/profession,5,5,-1,-1,-1,13317,-1,-1,-1
48,957,/people/person/profession,5,5,-1,-1,-1,10485,-1,-1,-1
49,5642,/people/person/profession,2,3,-1,-1,-1,1370,-1,-1,-1
50,9173,/people/person/profession,1,2,-1,-1,10390,11852,-1,-1,-1
51,11766,/people/person/profession,5,0,-1,-1,-1,-1,-1,-1,-1
52,13964,/people/person/profession,0,5,-1,-1,-1,13857,-1,-1,-1
53,11570,/people/person/profession,0,0,-1,-1,-1,4396,-1,-1,-1
54,6251,/people/person/profession,5,1,-1,-1,-1,923,-1,-1,-1
55,2682,/people/person/profession,5,1,-1,-1,-1,-1,-1,-1,-1
56,9537,/people/person/profession,5,5,-1,-1,-1,-1,-1,-1,-1
57,3442,/people/person/profession,5,1,-1,-1,-1,4510,-1,-1,-1
58,12719,/people/person/profession,2,1,-1,-1,-1,1370,-1,-1,-1
59,8840,/people/person/profession,5,3,-1,-1,-1,-1,-1,-1,-1
60,12298,/people/person/profession,0,1,-1,-1,-1,4396,-1,-1,-1
61,12403,/people/person/profession,5,5,-1,-1,-1,13803,-1,-1,-1
62,1681,/people/person/profession,0,1,-1,-1,-1,4396,-1,-1,-1
63,1161,/people/person/profession,5,5,-1,-1,-1,10485,-1,-1,-1
64,4636,/people/person/profession,5,5,-1,-1,-1,13317,-1,-1,-1
65,1902,/people/person/profession,0,5,5420,-1,-1,13803,-1,-1,-1
66,6990,/people/person/profession,0,0,-1,-1,-1,4396,-1,7835,-1
67,13236,/people/person/profession,4,5,-1,4353,-1,11852,-1,-1,-1
68,9947,/people/person/profession,5,3,-1,-1,-1,10485,-1,-1,-1
69,7916,/people/person/profession,5,1,-1,-1,-1,1259,-1,-1,-1
70,11342,/people/person/profession,5,5,-1,-1,-1,-1,-1,-1,-1
71,7282,/people/person/profession,0,4,-1,-1,-1,11246,-1,-1,-1
72,8391,/people/person/profession,5,0,-1,-1,-1,4396,-1,-1,-1
73,7206,/people/person/profession,5,5,-1,-1,-1,1259,-1,-1,-1
74,8455,/people/person/profession,1,4,-1,-1,-1,11852,-1,-1,-1
75,2322,/people/person/profession,5,0,-1,-1,-1,1370,-1,-1,-1
76,5580,/people/person/profession,0,3,-1,-1,-1,4396,-1,-1,-1
77,11301,/people/person/profession,5,0,-1,-1,4458,13803,-1,-1,-1
78,8845,/people/person/profession,3,2,-1,-1,-1,4441,-1,-1,-1
79,2844,/people/person/profession,5,5,-1,-1,10390,11863,-1,-1,-1
80,7679,/people/person/profession,0,0,-1,-1,-1,4396,-1,-1,-1
81,2885,/people/person/profession,5,5,-1,-1,10390,11863,-1,-1,-1
82,11698,/people/person/profession,5,5,-1,-1,-1,-1,-1,-1,-1
83,1669,/people/person/profession,0,4,-1,-1,-1,4396,-1,-1,-1
84,9192,/people/person/profession,2,0,8663,-1,10390,1370,-1,-1,-1
85,12703,/people/person/profession,5,5,-1,-1,-1,-1,-1,-1,-1
86,2336,/people/person/profession,5,5,8663,-1,-1,10485,-1,-1,-1
87,12669,/people/person/profession,5,0,-1,4353,-1,11852,-1,-1,-1
88,7815,/people/person/profession,5,0,-1,-1,-1,11852,-1,-1,-1
89,9003,/people/person/profession,5,4,8663,-1,-1,11246,-1,-1,-1
90,3139,/people/person/profession,5,4,-1,-1,-1,159,-1,-1,-1
91,7635,/people/person/profession,5,0,-1,-1,-1,-1,-1,-1,-1
92,2098,/people/person/profession,0,5,-1,-1,-1,4396,-1,-1,-1
93,5343,/people/person/profession,5,5,-1,-1,-1,13317,-1,-1,-1
94,1767,/people/person/profession,5,4,-1,-1,10390,-1,-1,-1,-1
95,3250,/people/person/profession,0,2,-1,-1,-1,4396,-1,-1,-1
96,3582,/people/person/profession,0,0,-1,-1,-1,6121,-1,-1,-1
97,2794,/people/person/profession,5,5,-1,-1,-1,13857,-1,-1,-1
98,8741,/people/person/profession,5,5,8663,-1,-1,11246,-1,-1,-1
99,13964,/people/person/profession,1,5,-1,-1,-1,13857,-1,-1,-1
100,8966,/people/person/profession,5,5,-1,-1,-1,13803,-1,-1,-1
101,12556,/people/person/profession,5,1,-1,-1,-1,4510,-1,-1,-1
102,8451,/people/person/profession,5,2,-1,-1,-1,11852,-1,-1,-1
103,2308,/people/person/profession,3,3,8663,-1,-1,4441,-1,-1,-1
104,11831,/people/person/profession,5,5,-1,-1,-1,11863,-1,-1,-1
105,1355,/people/person/profession,5,5,-1,-1,-1,5823,-1,7835,-1
106,648,/people/person/profession,5,5,-1,-1,4458,11863,-1,-1,-1
107,10777,/people/person/profession,5,2,-1,-1,-1,-1,-1,-1,-1
108,4787,/people/person/profession,5,5,-1,-1,10390,1259,-1,-1,-1
109,14049,/people/person/profession,3,0,-1,-1,-1,4396,-1,-1,-1
110,2235,/people/person/profession,5,4,-1,-1,-1,11518,-1,-1,-1
111,12681,/people/person/profession,1,3,-1,-1,-1,11852,-1,-1,-1
112,8294,/people/person/profession,2,2,-1,-1,-1,-1,-1,-1,-1
113,2702,/people/person/profession,0,5,-1,-1,-1,733,-1,-1,-1
114,14038,/people/person/profession,3,1,-1,-1,-1,4441,-1,-1,-1
115,132,/people/person/profession,5,0,-1,-1,-1,10485,-1,-1,-1
116,2191,/people/person/profession,5,5,-1,-1,4458,10485,-1,-1,-1
117,4213,/people/person/profession,5,5,-1,-1,-1,1259,-1,7835,-1
118,6200,/people/person/profession,1,3,-1,-1,-1,11852,-1,-1,-1
119,2535,/people/person/profession,2,4,-1,-1,10390,4396,-1,-1,-1
120,6934,/people/person/profession,2,0,-1,-1,-1,1370,-1,-1,-1
121,3466,/people/person/profession,5,5,-1,-1,-1,3444,-1,-1,-1
122,8486,/people/person/profession,1,0,8663,-1,-1,11852,-1,-1,-1
123,13125,/people/person/profession,5,5,-1,-1,-1,10485,-1,-1,-1
124,11508,/people/person/profession,5,5,-1,-1,-1,3444,-1,-1,-1
125,2110,/people/person/profession,0,4,-1,-1,-1,11852,-1,-1,-1
126,2721,/people/person/profession,5,5,-1,-1,-1,-1,-1,-1,-1
127,1646,/people/person/profession,5,5,-1,-1,-1,10485,-1,-1,-1
128,917,/people/person/profession,0,0,-1,-1,-1,4396,-1,-1,-1
129,6611,/people/person/profession,5,2,-1,-1,-1,-1,-1,-1,-1
130,6517,/people/person/profession,5,2,-1,-1,-1,4441,-1,7835,-1
131,6210,/people/person/profession,5,5,-1,-1,-1,11863,-1,7835,-1
132,2873,/people/person/profession,5,5,8663,-1,-1,-1,-1,7835,-1
133,9093,/people/person/profession,3,0,-1,-1,-1,4441,-1,-1,-1
134,7959,/people/person/profession,5,0,-1,-1,-1,1370,-1,-1,-1
135,7494,/people/person/profession,0,1,-1,-1,-1,923,-1,-1,-1
136,13441,/people/person/profession,5,0,-1,-1,-1,4396,-1,-1,-1
137,13161,/people/person/profession,5,5,-1,-1,-1,1259,-1,-1,-1
138,10826,/people/person/profession,5,3,-1,-1,-1,-1,-1,-1,-1
139,5970,/people/person/profession,1,4,-1,-1,-1,11852,-1,-1,-1
140,5004,/people/person/profession,5,3,-1,-1,-1,11863,-1,-1,-1
141,10540,/people/person/profession,5,1,-1,-1,-1,4510,-1,7835,-1
142,9041,/people/person/profession,0,0,8663,-1,-1,4396,-1,-1,-1
143,1036,/people/person/profession,0,0,-1,-1,-1,4396,-1,-1,-1
144,3767,/people/person/profession,5,5,-1,-1,-1,3444,-1,-1,-1
145,4563,/people/person/profession,0,0,-1,-1,-1,4396,-1,-1,-1
146,13267,/people/person/profession,2,3,-1,-1,-1,1370,-1,-1,-1
147,5635,/people/person/profession,4,3,-1,-1,-1,6121,-1,-1,-1
148,3160,/people/person/profession,5,5,-1,-1,-1,11246,-1,-1,-1
149,11718,/people/person/profession,5,5,-1,-1,-1,13803,-1,-1,-1
150,11390,/people/person/profession,0,4,-1,-1,-1,6121,-1,-1,-1
151,119,/people/person/profession,5,3,-1,-1,-1,-1,-1,7835,-1
152,4344,/people/person/profession,0,0,-1,-1,-1,4396,-1,-1,-1
153,2926,/people/person/profession,5,1,-1,-1,-1,4510,-1,-1,-1
154,10828,/people/person/profession,4,3,8663,-1,-1,1370,-1,-1,-1
155,6208,/people/person/profession,0,5,-1,-1,-1,4396,-1,-1,-1
156,2277,/people/person/profession,5,5,-1,-1,-1,-1,-1,7835,-1
157,11888,/people/person/profession,5,5,-1,-1,-1,1259,-1,-1,-1
158,1442,/people/person/profession,0,5,-1,-1,-1,4396,-1,-1,-1
159,1086,/people/person/profession,0,1,-1,-1,10390,4396,-1,-1,-1
160,8391,/people/person/profession,0,0,-1,-1,-1,4396,-1,-1,-1
161,8734,/people/person/profession,2,2,-1,-1,-1,11246,-1,-1,-1
162,8734,/people/person/profession,5,2,-1,-1,-1,11246,-1,-1,-1
163,2353,/people/person/profession,5,3,-1,-1,-1,4396,-1,-1,-1
164,2623,/people/person/profession,5,5,-1,-1,-1,923,-1,-1,-1
165,6191,/people/person/profession,5,5,-1,-1,-1,11246,-1,-1,-1
166,3466,/people/person/profession,5,5,-1,-1,-1,3444,-1,-1,-1
167,5789,/people/person/profession,0,0,-1,-1,-1,4396,-1,-1,-1
168,2725,/people/person/profession,5,5,-1,-1,-1,5823,-1,-1,-1
169,8049,/people/person/profession,1,3,-1,-1,-1,13317,-1,-1,-1
170,9206,/people/person/profession,5,5,-1,-1,-1,13857,-1,-1,-1
171,723,/people/person/profession,5,0,-1,-1,-1,13857,-1,-1,-1
172,2242,/people/person/profession,5,5,-1,-1,-1,-1,-1,-1,-1
173,12323,/people/person/profession,5,4,-1,-1,-1,4510,-1,7835,-1
174,12323,/people/person/profession,5,4,-1,-1,-1,4510,-1,7835,-1
175,6568,/people/person/profession,2,5,-1,-1,-1,10485,-1,-1,-1
176,1599,/people/person/profession,5,0,-1,-1,-1,923,-1,-1,-1
177,5615,/people/person/profession,5,2,-1,-1,-1,159,-1,-1,-1
178,2498,/people/person/profession,5,5,-1,-1,-1,-1,-1,-1,-1
179,2385,/people/person/profession,3,2,-1,-1,-1,4441,-1,-1,-1
180,6449,/people/person/profession,0,0,-1,-1,-1,13857,-1,-1,-1
181,8775,/people/person/profession,0,1,-1,-1,-1,4396,-1,-1,-1
182,11426,/people/person/profession,5,4,-1,-1,-1,4510,-1,7835,-1
183,7285,/people/person/profession,5,2,-1,-1,10390,159,-1,-1,-1
184,2791,/people/person/profession,5,0,-1,-1,-1,13317,-1,-1,-1
185,9029,/people/person/profession,3,3,-1,-1,-1,4441,-1,-1,-1
186,365,/people/person/profession,1,0,5420,-1,-1,11852,-1,-1,-1
187,11869,/people/person/profession,0,0,-1,-1,-1,13857,-1,-1,-1
188,3971,/people/person/profession,4,0,-1,-1,-1,6121,-1,-1,-1
189,3872,/people/person/profession,1,0,-1,-1,-1,11852,-1,-1,-1
190,7959,/people/person/profession,2,0,-1,-1,-1,1370,-1,-1,-1
191,3720,/people/person/profession,5,4,-1,-1,-1,1370,-1,-1,-1
192,11366,/people/person/profession,3,1,-1,-1,-1,4441,-1,-1,-1
193,3721,/people/person/profession,4,4,-1,-1,-1,6121,-1,-1,-1
194,2753,/people/person/profession,5,5,-1,-1,-1,13317,-1,7835,-1
195,1924,/people/person/profession,5,5,-1,-1,-1,10485,-1,-1,-1
196,189,/people/person/profession,5,5,-1,-1,10390,3444,-1,-1,-1
197,2216,/people/person/profession,2,1,-1,-1,-1,1259,-1,-1,-1
198,7692,/people/person/profession,0,0,-1,-1,-1,4396,-1,-1,-1
199,1740,/people/person/profession,5,0,-1,-1,-1,13317,-1,-1,-1
200,1650,/people/person/profession,5,1,-1,-1,-1,4403,-1,7835,-1
201,9246,/people/person/profession,5,5,-1,-1,-1,1259,-1,-1,-1
202,9228,/people/person/profession,2,1,8663,-1,-1,1370,-1,-1,-1
203,5723,/people/person/profession,2,0,-1,-1,-1,1370,-1,-1,-1
204,8767,/people/person/profession,3,1,-1,-1,-1,4396,-1,-1,-1
205,1939,/people/person/profession,5,5,-1,-1,-1,-1,-1,-1,-1
206,2007,/people/person/profession,5,0,-1,-1,-1,-1,-1,-1,-1
207,6201,/people/person/profession,3,1,-1,-1,-1,-1,-1,-1,-1
208,11358,/people/person/profession,0,0,5420,-1,-1,4396,-1,-1,-1
209,2706,/people/person/profession,5,5,-1,-1,-1,10485,-1,7835,-1
210,5495,/people/person/profession,0,0,-1,-1,-1,4396,-1,-1,-1
211,6645,/people/person/profession,5,5,-1,-1,-1,-1,-1,-1,-1
212,1147,/people/person/profession,0,0,-1,-1,-1,4396,-1,-1,-1
213,2951,/people/person/profession,5,5,-1,-1,-1,1259,-1,-1,-1
214,9053,/people/person/profession,5,5,-1,-1,-1,5823,-1,-1,-1
215,4342,/people/person/profession,5,5,-1,-1,-1,4396,-1,-1,-1
216,7859,/people/person/profession,0,0,-1,-1,-1,4396,-1,-1,-1
217,7075,/people/person/profession,0,0,-1,-1,-1,4396,-1,-1,-1
218,2457,/people/person/profession,5,5,-1,-1,-1,10485,-1,-1,-1
219,2081,/people/person/profession,5,0,-1,-1,10390,733,-1,-1,-1
220,13098,/people/person/profession,2,0,-1,-1,-1,4396,-1,-1,-1
221,2725,/people/person/profession,5,5,-1,-1,-1,5823,-1,-1,-1
222,2784,/people/person/profession,5,5,5420,-1,-1,-1,-1,-1,-1
223,10585,/people/person/profession,5,5,-1,-1,-1,-1,-1,-1,-1
224,8364,/people/person/profession,5,2,-1,-1,-1,6121,-1,-1,-1
225,518,/people/person/profession,5,0,-1,-1,-1,6121,-1,-1,-1
226,6626,/people/person/profession,1,0,-1,-1,-1,11852,-1,-1,-1
227,7493,/people/person/profession,1,0,-1,-1,10390,4396,-1,-1,-1
228,1410,/people/person/profession,5,5,8663,-1,-1,-1,-1,-1,-1
229,9938,/people/person/profession,5,0,-1,-1,-1,11246,-1,-1,-1
230,11133,/people/person/profession,2,3,-1,-1,-1,1370,-1,-1,-1
231,1083,/people/person/profession,0,0,-1,-1,-1,4396,-1,-1,-1
232,1554,/people/person/profession,5,5,-1,-1,-1,-1,-1,-1,-1
233,12255,/people/person/profession,0,4,-1,-1,-1,11246,-1,-1,-1
234,8087,/people/person/profession,2,2,-1,-1,-1,1370,-1,-1,-1
235,6607,/people/person/profession,1,0,-1,-1,-1,11852,-1,-1,-1
236,10014,/people/person/profession,5,3,-1,-1,10390,-1,-1,-1,-1
237,6642,/people/person/profession,4,4,-1,-1,-1,4510,-1,-1,-1
238,1650,/people/person/profession,5,1,-1,-1,-1,4403,-1,7835,-1
239,13311,/people/person/profession,5,5,8663,-1,-1,13803,-1,-1,-1
240,1915,/people/person/profession,5,5,-1,-1,-1,10485,-1,-1,-1
241,4523,/people/person/profession,3,0,-1,-1,-1,4441,-1,7835,-1
242,12560,/people/person/profession,1,3,-1,-1,10390,11852,-1,-1,-1
243,6558,/people/person/profession,5,5,-1,-1,-1,-1,-1,-1,-1
244,3296,/people/person/profession,5,0,-1,-1,-1,13317,-1,-1,-1
245,7993,/people/person/profession,5,5,-1,-1,-1,5823,-1,-1,-1
246,3624,/people/person/profession,5,2,-1,-1,-1,-1,-1,-1,-1
247,10921,/people/person/profession,5,5,-1,-1,-1,13720,-1,-1,-1
248,140,/people/person/profession,5,5,-1,-1,-1,-1,-1,-1,-1
249,6034,/people/person/profession,5,5,-1,-1,-1,-1,-1,-1,-1
250,2476,/people/person/profession,0,4,-1,-1,-1,4396,-1,-1,-1
251,7282,/people/person/profession,5,4,-1,-1,-1,11246,-1,-1,-1
252,5854,/people/person/profession,5,5,-1,4353,-1,-1,-1,-1,-1
253,3405,/people/person/profession,5,5,-1,-1,-1,10485,-1,-1,-1
254,193,/people/person/profession,0,0,-1,-1,-1,4396,-1,-1,-1
255,638,/people/person/profession,5,5,-1,-1,-1,13803,-1,-1,-1
256,7832,/people/person/profession,5,0,-1,-1,10390,13317,-1,-1,-1
257,10787,/people/person/profession,4,4,-1,-1,-1,4510,-1,-1,-1
258,14077,/people/person/profession,5,5,-1,-1,-1,13803,-1,-1,-1
259,2250,/people/person/profession,5,0,8663,-1,-1,6121,-1,-1,-1
260,5600,/people/person/profession,1,3,-1,-1,-1,11852,-1,-1,-1
261,6940,/people/person/profession,5,0,-1,-1,-1,13857,-1,7835,-1
262,1369,/people/person/profession,5,5,8663,-1,-1,1259,-1,-1,-1
263,1646,/people/person/profession,5,5,-1,-1,-1,10485,-1,-1,-1
264,3683,/people/person/profession,5,0,-1,-1,-1,11518,-1,-1,-1
265,4186,/people/person/profession,5,0,-1,-1,-1,-1,-1,-1,-1
266,12362,/people/person/profession,5,5,-1,-1,-1,13720,-1,-1,-1
267,8818,/people/person/profession,5,0,5420,-1,-1,11518,-1,-1,-1
268,8563,/people/person/profession,0,0,-1,-1,-1,4396,-1,-1,-1
269,3473,/people/person/profession,0,0,-1,-1,10390,4396,-1,-1,-1
270,285,/people/person/profession,5,0,-1,-1,-1,4396,-1,-1,-1
271,5286,/people/person/profession,0,0,8663,-1,4458,4396,-1,-1,-1
272,13904,/people/person/profession,5,5,-1,-1,-1,10485,-1,-1,-1
273,8411,/people/person/profession,4,2,-1,-1,-1,6121,-1,-1,-1
274,5459,/people/person/profession,3,2,8663,-1,10390,11852,-1,-1,-1
275,10830,/people/person/profession,2,0,-1,-1,-1,1370,-1,-1,-1
276,8877,/people/person/profession,5,5,-1,-1,-1,11246,-1,-1,-1
277,4676,/people/person/profession,5,5,-1,-1,-1,11863,-1,-1,-1
278,2248,/people/person/profession,0,0,-1,-1,10390,4396,-1,-1,-1
279,6995,/people/person/profession,5,5,-1,4353,-1,4396,-1,-1,-1
280,851,/people/person/profession,3,0,-1,-1,-1,4441,-1,-1,-1
281,13083,/people/person/profession,5,5,-1,-1,-1,4510,-1,-1,-1
282,8594,/people/person/profession,1,3,-1,-1,-1,11852,-1,-1,-1
283,6201,/people/person/profession,5,1,-1,-1,-1,-1,-1,-1,-1
284,2622,/people/person/profession,3,0,-1,-1,-1,13857,-1,-1,-1
285,11213,/people/person/profession,5,1,8663,-1,10390,1370,-1,-1,-1
286,11888,/people/person/profession,0,5,-1,-1,-1,1259,-1,-1,-1
287,2236,/people/person/profession,5,0,-1,-1,-1,11518,-1,-1,-1
288,13375,/people/person/profession,1,5,8663,-1,-1,1370,-1,-1,-1
289,6158,/people/person/profession,0,5,-1,-1,-1,11863,-1,-1,-1
290,2475,/people/person/profession,5,5,-1,-1,10390,13803,-1,-1,-1
291,161,/people/person/profession,5,5,-1,-1,-1,-1,-1,-1,-1
292,8159,/people/person/profession,3,1,-1,-1,-1,11246,-1,-1,-1
293,5149,/people/person/profession,5,5,-1,-1,-1,159,-1,-1,-1
294,11991,/people/person/profession,5,5,-1,-1,-1,11246,-1,-1,-1
295,1484,/people/person/profession,0,0,-1,-1,-1,4396,-1,-1,-1
296,4079,/people/person/profession,5,5,8663,-1,-1,13803,-1,-1,-1
297,12033,/people/person/profession,5,5,-1,-1,-1,13720,-1,-1,-1
298,10737,/people/person/profession,4,4,-1,-1,-1,6121,-1,-1,-1
299,2497,/people/person/profession,5,5,-1,-1,-1,-1,-1,7835,-1
300,184,/people/person/profession,5,5,-1,-1,-1,13803,-1,-1,-1
301,7670,/people/person/profession,5,0,-1,-1,-1,13857,-1,-1,-1
302,912,/people/person/profession,5,5,-1,-1,-1,-1,-1,-1,-1
303,709,/people/person/profession,5,5,-1,-1,-1,11863,-1,-1,-1
304,3541,/people/person/profession,1,1,5420,-1,-1,11246,-1,-1,-1
305,367,/people/person/profession,3,0,-1,-1,-1,4441,-1,7835,-1
306,2704,/people/person/profession,0,5,-1,-1,-1,13803,-1,-1,-1
307,11174,/people/person/profession,5,5,-1,-1,-1,11852,-1,-1,-1
308,757,/people/person/profession,0,0,-1,-1,-1,4396,-1,-1,-1
309,4602,/people/person/profession,0,0,-1,-1,-1,4396,-1,7835,-1
310,1677,/people/person/profession,5,5,-1,-1,-1,13317,-1,-1,-1
311,2620,/people/person/profession,5,0,-1,-1,-1,1370,-1,-1,-1
312,13238,/people/person/profession,5,5,-1,-1,4458,733,-1,-1,-1
313,2743,/people/person/profession,2,5,-1,-1,-1,1370,-1,-1,-1
314,2946,/people/person/profession,1,5,-1,-1,-1,11852,-1,-1,-1
315,4676,/people/person/profession,5,5,-1,-1,-1,11863,-1,-1,-1
316,10037,/people/person/profession,2,0,-1,-1,-1,1370,-1,-1,-1
317,9378,/people/person/profession,2,3,-1,-1,-1,1370,-1,-1,-1
318,11326,/people/person/profession,5,5,8663,-1,-1,10485,-1,-1,-1
319,4120,/people/person/profession,0,0,-1,-1,-1,4396,-1,-1,-1
320,11815,/people/person/profession,5,5,-1,-1,-1,4403,-1,-1,-1
321,130,/people/person/profession,0,5,-1,-1,-1,4396,-1,-1,-1
322,12975,/people/person/profession,3,0,-1,-1,10390,4441,-1,-1,-1
323,8983,/people/person/profession,5,5,-1,-1,-1,11246,-1,-1,-1
324,8779,/people/person/profession,5,3,-1,-1,-1,4396,-1,7835,-1
325,4560,/people/person/profession,5,5,-1,-1,4458,3444,-1,-1,-1
326,3729,/people/person/profession,5,5,-1,-1,-1,733,-1,-1,-1
327,2910,/people/person/profession,5,5,-1,-1,-1,733,-1,7835,-1
328,7714,/people/person/profession,2,0,-1,4353,-1,1370,-1,-1,-1
329,2685,/people/person/profession,5,5,8663,-1,-1,10485,-1,-1,-1
330,8159,/people/person/profession,5,1,-1,-1,-1,11246,-1,-1,-1
331,2322,/people/person/profession,2,0,-1,-1,-1,1370,-1,-1,-1
332,2191,/people/person/profession,5,5,-1,-1,4458,10485,-1,-1,-1
333,8758,/people/person/profession,1,0,-1,-1,-1,11852,-1,-1,-1
334,8371,/people/person/profession,5,5,-1,-1,-1,11246,-1,-1,-1
335,6715,/people/person/profession,0,5,-1,-1,-1,6121,-1,-1,-1
336,2734,/people/person/profession,5,5,-1,-1,-1,733,-1,-1,-1
337,8396,/people/person/profession,5,5,-1,-1,-1,13803,-1,-1,-1
338,5936,/people/person/profession,5,5,-1,-1,-1,-1,-1,-1,-1
339,13081,/people/person/profession,0,2,-1,-1,-1,4396,-1,-1,-1
340,7815,/people/person/profession,0,0,-1,-1,-1,11852,-1,-1,-1
341,9271,/people/person/profession,5,5,-1,-1,-1,-1,-1,-1,-1
342,6517,/people/person/profession,3,2,-1,-1,-1,4441,-1,7835,-1
343,6814,/people/person/profession,5,5,8663,-1,-1,-1,-1,-1,-1
344,9117,/people/person/profession,1,2,-1,-1,-1,11852,-1,-1,-1
345,2649,/people/person/profession,0,5,-1,-1,-1,4396,-1,-1,-1
346,9488,/people/person/profession,5,5,-1,-1,-1,-1,-1,-1,-1
347,3431,/people/person/profession,5,2,-1,-1,-1,-1,-1,-1,-1
348,232,/people/person/profession,1,3,-1,-1,-1,11852,-1,-1,-1
349,12985,/people/person/profession,3,3,-1,-1,-1,4441,-1,-1,-1
350,12654,/people/person/profession,5,4,-1,-1,-1,11852,-1,-1,-1
351,2127,/people/person/profession,2,3,-1,-1,-1,1370,-1,-1,-1
352,643,/people/person/profession,3,1,-1,-1,-1,4441,-1,-1,-1
353,7027,/people/person/profession,5,5,-1,-1,-1,1259,-1,-1,-1
354,2731,/people/person/profession,5,5,-1,-1,-1,13803,-1,-1,-1
355,13418,/people/person/profession,5,5,-1,-1,-1,13317,-1,7835,-1
356,1951,/people/person/profession,5,5,-1,-1,-1,13803,-1,-1,-1
357,10023,/people/person/profession,5,0,-1,-1,10390,11246,-1,-1,-1
358,5907,/people/person/profession,3,3,-1,-1,-1,4441,-1,-1,-1
359,1161,/people/person/profession,5,5,-1,-1,-1,10485,-1,-1,-1
360,3196,/people/person/profession,5,5,-1,-1,-1,1259,-1,-1,-1
361,4567,/people/person/profession,4,0,-1,-1,-1,6121,-1,-1,-1
362,9380,/people/person/profession,0,0,-1,-1,-1,733,-1,-1,-1
363,7423,/people/person/profession,5,3,-1,-1,-1,11852,-1,-1,-1
364,7892,/people/person/profession,5,0,8663,-1,10390,11246,-1,-1,-1
365,9975,/people/person/profession,5,5,-1,-1,-1,-1,-1,-1,-1
366,9816,/people/person/profession,0,0,-1,-1,-1,4396,-1,-1,-1
367,8294,/people/person/profession,5,2,-1,-1,-1,-1,-1,-1,-1
368,3890,/people/person/profession,5,5,8663,-1,10390,13803,-1,-1,-1
369,3458,/people/person/profession,5,5,-1,-1,-1,10485,-1,-1,-1
370,7847,/people/person/profession,0,0,-1,-1,-1,4396,-1,-1,-1
371,9296,/people/person/profession,1,2,-1,-1,-1,11852,-1,-1,-1
372,1775,/people/person/profession,5,5,-1,-1,-1,11863,-1,-1,-1
373,230,/people/person/profession,5,5,-1,-1,-1,5823,-1,-1,-1
374,8002,/people/person/profession,2,3,-1,-1,-1,1370,-1,-1,-1
375,10985,/people/person/profession,0,0,-1,-1,-1,4396,-1,-1,-1
376,6191,/people/person/profession,5,5,-1,-1,-1,11246,-1,-1,-1
377,10022,/people/person/profession,5,3,-1,-1,-1,11246,-1,7835,-1
378,638,/people/person/profession,5,5,-1,-1,-1,13803,-1,-1,-1
379,12505,/people/person/profession,0,0,-1,-1,-1,4396,-1,-1,-1
380,524,/people/person/profession,0,0,-1,-1,-1,4396,-1,-1,-1
381,6535,/people/person/profession,5,0,-1,-1,-1,4510,-1,-1,-1
382,6568,/people/person/profession,4,5,-1,-1,-1,10485,-1,-1,-1
383,8869,/people/person/profession,5,0,-1,-1,-1,923,-1,-1,-1
384,2721,/people/person/profession,5,5,-1,-1,-1,-1,-1,-1,-1
385,9426,/people/person/profession,1,2,-1,-1,-1,11852,-1,-1,-1
386,8802,/people/person/profession,2,4,-1,-1,-1,1370,-1,-1,-1
387,1222,/people/person/profession,5,5,-1,-1,-1,13803,-1,7835,-1
388,12840,/people/person/profession,5,0,-1,-1,-1,-1,-1,-1,-1
389,2889,/people/person/profession,5,5,-1,-1,-1,13803,-1,-1,-1
390,3628,/people/person/profession,2,3,-1,-1,-1,1370,-1,-1,-1
391,6035,/people/person/profession,5,5,8663,-1,-1,11863,-1,-1,-1
392,2881,/people/person/profession,2,5,-1,-1,-1,1370,-1,-1,-1
393,5068,/people/person/profession,3,0,-1,-1,-1,4441,-1,7835,-1
394,548,/people/person/profession,5,5,-1,-1,-1,-1,-1,-1,-1
395,7182,/people/person/profession,5,0,-1,-1,-1,923,-1,-1,-1
396,10187,/people/person/profession,5,4,-1,-1,-1,11852,-1,-1,-1
397,6906,/people/person/profession,5,5,8663,-1,-1,-1,-1,-1,-1
398,7043,/people/person/profession,1,0,-1,-1,-1,11852,-1,-1,-1
399,1740,/people/person/profession,5,0,-1,-1,-1,13317,-1,-1,-1
400,1666,/people/person/profession,4,0,8663,-1,-1,6121,-1,-1,-1
401,7068,/people/person/profession,0,4,-1,-1,-1,4396,-1,-1,-1
402,5411,/people/person/profession,4,0,-1,-1,-1,6121,-1,-1,-1
403,1120,/people/person/profession,5,1,-1,-1,-1,13317,-1,-1,-1
404,9681,/people/person/profession,5,5,8663,-1,-1,-1,-1,-1,-1
405,10361,/people/person/profession,5,4,-1,-1,-1,-1,-1,-1,-1
406,2195,/people/person/profession,1,3,-1,-1,-1,11852,-1,-1,-1
407,13239,/people/person/profession,2,0,-1,-1,-1,1370,-1,-1,-1
408,1344,/people/person/profession,0,0,-1,-1,-1,4396,-1,-1,-1
409,841,/people/person/profession,0,0,-1,-1,-1,4396,-1,-1,-1
410,316,/people/person/profession,5,5,-1,-1,-1,733,-1,-1,-1
411,9114,/people/person/profession,5,2,-1,-1,10390,923,-1,-1,-1
412,7947,/people/person/profession,5,5,-1,-1,10390,-1,-1,-1,-1
413,11973,/people/person/profession,3,1,-1,-1,-1,4441,-1,-1,-1
414,9601,/people/person/profession,5,1,-1,-1,-1,13317,-1,-1,-1
415,13502,/people/person/profession,1,5,-1,-1,-1,11852,-1,-1,-1
416,9608,/people/person/profession,1,3,8663,-1,-1,11852,-1,-1,-1
417,2093,/people/person/profession,0,5,-1,-1,-1,4396,-1,-1,-1
418,2499,/people/person/profession,2,1,-1,-1,-1,1370,-1,-1,-1
419,675,/people/person/profession,1,3,-1,-1,-1,923,-1,-1,-1
420,1456,/people/person/profession,1,3,-1,-1,-1,11852,-1,-1,-1
421,9087,/people/person/profession,0,5,-1,-1,-1,4396,-1,-1,-1
422,4580,/people/person/profession,0,0,-1,-1,-1,4396,-1,-1,-1
423,9913,/people/person/profession,5,5,-1,-1,-1,13317,-1,-1,-1
424,4614,/people/person/profession,0,4,-1,-1,10390,4396,-1,-1,-1
425,6799,/people/person/profession,5,0,-1,-1,-1,13857,-1,-1,-1
426,1263,/people/person/profession,5,5,-1,-1,-1,11246,-1,-1,-1
427,6100,/people/person/profession,0,1,-1,-1,-1,4396,-1,-1,-1
428,518,/people/person/profession,4,0,-1,-1,-1,6121,-1,-1,-1
429,12722,/people/person/profession,2,4,-1,-1,-1,1370,-1,-1,-1
430,8222,/people/person/profession,5,5,8663,-1,-1,-1,-1,7835,-1
431,7211,/people/person/profession,0,0,-1,4353,10390,4396,-1,-1,-1
432,6729,/people/person/profession,4,4,-1,-1,-1,4510,-1,-1,-1
433,8640,/people/person/profession,5,0,-1,-1,-1,13857,-1,-1,-1
434,2748,/people/person/profession,5,5,-1,-1,-1,13803,-1,-1,-1
435,5439,/people/person/profession,0,0,8663,-1,-1,4396,-1,-1,-1
436,2266,/people/person/profession,5,5,-1,-1,-1,13803,-1,-1,-1
437,5658,/people/person/profession,5,5,-1,-1,-1,-1,-1,-1,-1
438,6060,/people/person/profession,5,5,-1,-1,-1,1259,-1,-1,-1
439,2755,/people/person/profession,5,5,-1,-1,-1,-1,-1,-1,-1
440,620,/people/person/profession,5,4,-1,-1,-1,4396,-1,-1,-1
441,10669,/people/person/profession,3,1,-1,-1,-1,4441,-1,-1,-1
442,9627,/people/person/profession,3,3,-1,-1,-1,4441,-1,-1,-1
443,5661,/people/person/profession,5,5,8663,-1,-1,-1,-1,-1,-1
444,10125,/people/person/profession,4,2,-1,-1,-1,6121,-1,-1,-1
445,4611,/people/person/profession,1,0,-1,-1,-1,11852,-1,-1,-1
446,158,/people/person/profession,5,1,-1,-1,-1,-1,-1,-1,-1
447,3441,/people/person/profession,5,5,-1,-1,4458,-1,-1,-1,-1
448,825,/people/person/profession,5,5,-1,-1,-1,733,-1,7835,-1
449,4239,/people/person/profession,0,0,-1,-1,-1,4396,-1,-1,-1
450,5869,/people/person/profession,5,5,-1,-1,-1,-1,-1,-1,-1
451,3056,/people/person/profession,5,0,-1,-1,-1,4396,-1,7835,-1
452,544,/people/person/profession,0,0,-1,-1,-1,4396,-1,-1,-1
453,8053,/people/person/profession,5,5,-1,-1,-1,-1,-1,-1,-1
454,13984,/people/person/profession,0,0,-1,-1,-1,4396,-1,-1,-1
455,12865,/people/person/profession,0,0,-1,-1,-1,4396,-1,-1,-1
456,11480,/people/person/profession,5,5,-1,-1,-1,3444,-1,-1,-1
457,13251,/people/person/profession,5,5,-1,-1,10390,11246,-1,-1,-1
458,9162,/people/person/profession,5,5,-1,-1,-1,1259,-1,-1,-1
459,9683,/people/person/profession,0,0,-1,-1,-1,4396,-1,-1,-1
460,9202,/people/person/profession,5,3,8663,-1,-1,4441,-1,-1,-1
461,14267,/people/person/profession,5,5,-1,-1,-1,13317,-1,-1,-1
462,10478,/people/person/profession,5,5,5420,-1,-1,13317,-1,-1,-1
463,1734,/people/person/profession,5,5,-1,-1,-1,10485,-1,-1,-1
464,6844,/people/person/profession,5,5,-1,-1,-1,-1,-1,-1,-1
465,2024,/people/person/profession,2,5,-1,-1,10390,1370,-1,-1,-1
466,796,/people/person/profession,5,5,-1,-1,-1,3444,-1,-1,-1
467,905,/people/person/profession,2,0,-1,-1,-1,-1,-1,-1,-1
468,1927,/people/person/profession,5,5,-1,-1,-1,13803,-1,-1,-1
469,13572,/people/person/profession,1,0,-1,-1,-1,11852,-1,-1,-1
470,650,/people/person/profession,1,5,-1,-1,-1,-1,-1,-1,-1
471,818,/people/person/profession,0,4,-1,-1,-1,4396,-1,-1,-1
472,4585,/people/person/profession,0,0,-1,4353,-1,4396,-1,7835,-1
473,7789,/people/person/profession,5,5,-1,-1,-1,1259,-1,-1,-1
474,2704,/people/person/profession,5,5,-1,-1,-1,13803,-1,-1,-1
475,7782,/people/person/profession,5,5,-1,-1,-1,-1,-1,-1,-1
476,6410,/people/person/profession,3,0,-1,-1,-1,4441,-1,-1,-1
477,2669,/people/person/profession,5,5,-1,-1,-1,4403,-1,-1,-1
478,11013,/people/person/profession,1,4,8663,-1,10390,11852,-1,-1,-1
479,285,/people/person/profession,0,0,-1,-1,-1,4396,-1,-1,-1
480,7545,/people/person/profession,5,5,-1,-1,10390,-1,-1,-1,-1
481,228,/people/person/profession,5,5,-1,-1,-1,-1,-1,-1,-1
482,10187,/people/person/profession,1,4,-1,-1,-1,11852,-1,-1,-1
483,2663,/people/person/profession,1,2,-1,-1,10390,11852,-1,-1,-1
484,10261,/people/person/profession,5,5,-1,-1,-1,-1,-1,-1,-1
485,2606,/people/person/profession,1,4,-1,4353,-1,11852,-1,-1,-1
486,419,/people/person/profession,2,0,-1,-1,10390,1370,-1,-1,-1
487,3430,/people/person/profession,1,4,-1,-1,-1,11852,-1,-1,-1
488,7058,/people/person/profession,1,5,-1,-1,-1,11852,-1,-1,-1
489,9974,/people/person/profession,5,5,-1,-1,4458,-1,-1,-1,-1
490,9735,/people/person/profession,1,5,-1,-1,-1,733,-1,-1,-1
491,13940,/people/person/profession,5,0,-1,-1,-1,923,-1,7835,-1
492,6340,/people/person/profession,0,0,-1,-1,-1,4396,-1,-1,-1
493,11213,/people/person/profession,2,1,8663,-1,10390,1370,-1,-1,-1
494,2872,/people/person/profession,5,5,-1,4353,-1,11863,-1,-1,-1
495,2720,/people/person/profession,5,0,-1,-1,-1,13803,-1,-1,-1
496,2685,/people/person/profession,5,5,8663,-1,-1,10485,-1,-1,-1
497,1249,/people/person/profession,5,5,8663,-1,-1,4510,-1,-1,-1
498,9359,/people/person/profession,0,0,-1,-1,-1,4396,-1,-1,-1
499,2739,/people/person/profession,4,5,-1,-1,-1,5823,-1,-1,-1
500,9453,/people/person/profession,0,0,-1,-1,-1,4396,-1,-1,-1
501,12958,/people/person/profession,5,5,-1,-1,-1,-1,-1,-1,-1
502,6567,/people/person/profession,2,0,-1,-1,-1,1370,-1,-1,-1
503,6392,/people/person/profession,0,0,-1,-1,-1,4396,-1,-1,-1
504,1107,/people/person/profession,5,5,-1,-1,-1,-1,-1,-1,-1
505,6982,/people/person/profession,5,5,8663,-1,-1,-1,-1,-1,-1
506,3617,/people/person/profession,5,3,-1,-1,-1,13720,-1,-1,-1
507,12826,/people/person/profession,5,5,-1,-1,-1,-1,-1,-1,-1
508,5929,/people/person/profession,3,0,-1,-1,-1,4441,-1,7835,-1
509,5108,/people/person/profession,5,4,-1,-1,-1,-1,-1,-1,-1
510,1523,/people/person/profession,5,0,-1,-1,-1,11518,-1,-1,-1
511,3424,/people/person/profession,5,5,-1,-1,-1,10485,-1,-1,-1
512,8963,/people/person/profession,5,1,-1,-1,-1,13857,-1,-1,-1
513,3523,/people/person/profession,2,5,-1,-1,-1,1370,-1,-1,-1
514,7742,/people/person/profession,5,3,-1,-1,-1,4510,-1,-1,-1
515,6045,/people/person/profession,3,0,-1,-1,-1,4441,-1,-1,-1
516,3065,/people/person/profession,5,0,-1,-1,-1,10485,-1,-1,-1
517,5459,/people/person/profession,2,2,8663,-1,10390,11852,-1,-1,-1
518,6033,/people/person/profession,2,3,-1,-1,-1,1370,-1,-1,-1
519,2782,/people/person/profession,4,1,-1,-1,-1,1259,-1,-1,-1
520,119,/people/person/profession,5,3,-1,-1,-1,-1,-1,7835,-1
521,8595,/people/person/profession,5,0,-1,-1,-1,923,-1,-1,-1
522,2432,/people/person/profession,5,5,-1,-1,-1,13857,-1,-1,-1
523,2007,/people/person/profession,0,0,-1,-1,-1,-1,-1,-1,-1
524,7926,/people/person/profession,2,3,-1,-1,-1,1370,-1,-1,-1
525,2717,/people/person/profession,5,5,-1,-1,-1,-1,-1,-1,-1
526,3771,/people/person/profession,1,4,-1,-1,-1,11852,-1,-1,-1
527,8561,/people/person/profession,0,4,-1,-1,-1,13857,-1,-1,-1
528,14049,/people/person/profession,0,0,-1,-1,-1,4396,-1,-1,-1
529,3620,/people/person/profession,1,3,-1,-1,-1,11852,-1,-1,-1
530,8733,/people/person/profession,1,5,-1,-1,-1,4396,-1,-1,-1
531,178,/people/person/profession,5,5,8663,-1,10390,11863,-1,-1,-1
532,9202,/people/person/profession,3,3,8663,-1,-1,4441,-1,-1,-1
533,8653,/people/person/profession,5,0,-1,-1,-1,13857,-1,-1,-1
534,10018,/people/person/profession,5,5,-1,-1,-1,11246,-1,-1,-1
535,2170,/people/person/profession,3,2,-1,-1,-1,4396,-1,-1,-1
536,6429,/people/person/profession,0,1,-1,-1,-1,4396,-1,-1,-1
537,196,/people/person/profession,5,5,-1,-1,-1,-1,-1,-1,-1
538,921,/people/person/profession,5,5,-1,-1,-1,11863,-1,-1,-1
539,4803,/people/person/profession,0,1,-1,-1,-1,4396,-1,-1,-1
540,9746,/people/person/profession,0,0,-1,-1,-1,4396,-1,-1,-1
541,11810,/people/person/profession,2,0,5420,-1,-1,1370,-1,7835,-1
542,2110,/people/person/profession,1,4,-1,-1,-1,11852,-1,-1,-1
543,6715,/people/person/profession,4,5,-1,-1,-1,6121,-1,-1,-1
544,5858,/people/person/profession,0,2,-1,-1,-1,4396,-1,-1,-1
545,6046,/people/person/profession,2,5,-1,-1,10390,1370,-1,-1,-1
546,2759,/people/person/profession,0,5,-1,-1,-1,1370,-1,-1,-1
547,8283,/people/person/profession,2,1,-1,-1,-1,1370,-1,-1,-1
548,6892,/people/person/profession,3,1,-1,-1,-1,4441,-1,-1,-1
549,7331,/people/person/profession,5,0,-1,-1,-1,923,-1,-1,-1
550,11248,/people/person/profession,5,5,-1,-1,-1,-1,-1,-1,-1
551,2796,/people/person/profession,0,0,-1,-1,-1,4396,-1,-1,-1
552,9186,/people/person/profession,5,5,-1,-1,-1,733,-1,-1,-1
553,6903,/people/person/profession,5,5,-1,-1,10390,-1,-1,-1,-1
554,2384,/people/person/profession,1,1,-1,-1,-1,6121,-1,-1,-1
555,7865,/people/person/profession,5,5,8663,-1,-1,10485,-1,-1,-1
556,6833,/people/person/profession,5,5,-1,-1,-1,11246,-1,-1,-1
557,2808,/people/person/profession,5,5,-1,-1,-1,733,-1,-1,-1
558,2758,/people/person/profession,5,5,-1,-1,-1,10485,-1,-1,-1
559,5366,/people/person/profession,0,1,-1,-1,-1,4396,-1,-1,-1
560,12887,/people/person/profession,5,5,-1,-1,-1,11863,-1,-1,-1
561,7020,/people/person/profession,5,5,-1,-1,-1,-1,-1,-1,-1
562,6215,/people/person/profession,1,5,-1,-1,-1,11852,-1,-1,-1
563,4107,/people/person/profession,4,4,-1,-1,-1,6121,-1,-1,-1
564,3375,/people/person/profession,3,2,-1,-1,-1,4441,-1,-1,-1
565,8073,/people/person/profession,2,4,-1,-1,-1,4441,-1,-1,-1
566,577,/people/person/profession,5,5,-1,-1,-1,11863,-1,-1,-1
567,1902,/people/person/profession,5,5,5420,-1,-1,13803,-1,-1,-1
568,4262,/people/person/profession,5,5,-1,-1,-1,10485,-1,-1,-1
569,1935,/people/person/profession,1,5,-1,-1,-1,11852,-1,-1,-1
570,2877,/people/person/profession,0,0,-1,-1,-1,4396,-1,-1,-1
571,9924,/people/person/profession,0,0,-1,-1,-1,4396,-1,-1,-1
572,7740,/people/person/profession,5,5,-1,-1,-1,-1,-1,-1,-1
573,7423,/people/person/profession,1,3,-1,-1,-1,11852,-1,-1,-1
574,11111,/people/person/profession,2,3,-1,-1,-1,1370,-1,-1,-1
575,8623,/people/person/profession,1,1,-1,-1,-1,11852,-1,-1,-1
576,2969,/people/person/profession,4,4,-1,-1,-1,6121,-1,-1,-1
577,10126,/people/person/profession,5,5,-1,-1,-1,-1,-1,-1,-1
578,7272,/people/person/profession,3,5,-1,-1,-1,4441,-1,-1,-1
579,9142,/people/person/profession,2,0,-1,-1,-1,1370,-1,7835,-1
580,2040,/people/person/profession,5,5,-1,-1,-1,13803,-1,7835,-1
581,2339,/people/person/profession,3,4,-1,-1,-1,4441,-1,-1,-1
582,9731,/people/person/profession,5,5,8663,-1,-1,10485,-1,-1,-1
583,10035,/people/person/profession,1,4,-1,-1,10390,11852,-1,-1,-1
584,13178,/people/person/profession,5,5,-1,-1,-1,11863,-1,-1,-1
585,5548,/people/person/profession,5,5,-1,-1,-1,11863,-1,-1,-1
586,5215,/people/person/profession,5,5,-1,-1,-1,733,-1,7835,-1
587,646,/people/person/profession,5,5,-1,-1,-1,10485,-1,7835,-1
588,8942,/people/person/profession,5,0,-1,-1,-1,10485,-1,-1,-1
589,12703,/people/person/profession,5,5,-1,-1,-1,-1,-1,-1,-1
590,7815,/people/person/profession,1,0,-1,-1,-1,11852,-1,-1,-1
591,10627,/people/person/profession,0,3,-1,-1,-1,4396,-1,-1,-1
592,4926,/people/person/profession,5,5,-1,-1,-1,11863,-1,-1,-1
593,2817,/people/person/profession,0,5,-1,-1,-1,4396,-1,-1,-1
594,2084,/people/person/profession,5,5,-1,-1,-1,-1,-1,-1,-1
595,6388,/people/person/profession,5,5,-1,-1,-1,13803,-1,7835,-1
596,2384,/people/person/profession,4,1,-1,-1,-1,6121,-1,-1,-1
597,2669,/people/person/profession,5,5,-1,-1,-1,4403,-1,-1,-1
598,10538,/people/person/profession,3,2,-1,-1,-1,4441,-1,-1,-1
599,9550,/people/person/profession,5,1,-1,-1,-1,-1,-1,-1,-1
600,11711,/people/person/profession,0,5,-1,-1,-1,4396,-1,7835,-1
601,2607,/people/person/profession,5,5,8663,-1,-1,-1,-1,7835,-1
602,5718,/people/person/profession,2,1,-1,-1,-1,1370,-1,-1,-1
603,14054,/people/person/profession,1,4,-1,-1,-1,11852,-1,-1,-1
604,2907,/people/person/profession,5,5,-1,-1,-1,13720,-1,-1,-1
605,7838,/people/person/profession,5,5,-1,-1,-1,-1,-1,-1,-1
606,7581,/people/person/profession,0,0,-1,-1,-1,4396,-1,-1,-1
607,7418,/people/person/profession,2,1,-1,-1,-1,4441,-1,-1,-1
608,783,/people/person/profession,0,0,-1,-1,-1,4396,-1,-1,-1
609,10981,/people/person/profession,5,5,-1,-1,-1,13317,-1,-1,-1
610,6580,/people/person/profession,0,0,-1,-1,-1,4396,-1,-1,-1
611,8293,/people/person/profession,2,2,-1,-1,-1,1370,-1,-1,-1
612,4865,/people/person/profession,5,5,-1,-1,-1,-1,-1,-1,-1
613,9581,/people/person/profession,5,5,-1,-1,-1,4403,-1,-1,-1
614,13787,/people/person/profession,5,0,8663,-1,-1,1370,-1,-1,-1
615,13937,/people/person/profession,5,5,-1,-1,-1,11246,-1,-1,-1
616,7509,/people/person/profession,5,5,-1,-1,-1,-1,-1,-1,-1
617,8092,/people/person/profession,5,5,-1,-1,-1,-1,-1,-1,-1
618,322,/people/person/profession,0,0,-1,-1,-1,4396,-1,-1,-1
619,10321,/people/person/profession,4,4,8663,-1,-1,6121,-1,-1,-1
620,2353,/people/person/profession,0,3,-1,-1,-1,4396,-1,-1,-1
621,1930,/people/person/profession,5,5,-1,-1,-1,11246,-1,-1,-1
622,8049,/people/person/profession,5,3,-1,-1,-1,13317,-1,-1,-1
623,10591,/people/person/profession,5,5,-1,-1,-1,13803,-1,7835,-1
624,7711,/people/person/profession,5,0,-1,-1,-1,4396,-1,-1,-1
625,9946,/people/person/profession,0,3,-1,-1,-1,4396,-1,-1,-1
626,10588,/people/person/profession,5,5,-1,-1,-1,733,-1,-1,-1
627,6992,/people/person/profession,2,4,-1,-1,-1,1370,-1,-1,-1
628,8203,/people/person/profession,3,1,-1,-1,-1,4441,-1,-1,-1
629,2856,/people/person/profession,5,5,-1,-1,10390,1259,-1,-1,-1
630,1031,/people/person/profession,5,5,-1,-1,-1,10485,-1,-1,-1
631,7578,/people/person/profession,5,4,-1,-1,-1,-1,-1,-1,-1
632,4922,/people/person/profession,3,5,-1,-1,-1,4441,-1,-1,-1
633,6727,/people/person/profession,5,5,-1,4353,-1,13857,-1,-1,-1
634,11869,/people/person/profession,5,0,-1,-1,-1,13857,-1,-1,-1
635,6903,/people/person/profession,5,5,-1,-1,10390,-1,-1,-1,-1
636,11492,/people/person/profession,0,0,8663,-1,-1,4396,-1,-1,-1
637,7683,/people/person/profession,4,1,-1,-1,-1,6121,-1,-1,-1
638,11090,/people/person/profession,5,4,-1,-1,-1,10485,-1,-1,-1
639,5111,/people/person/profession,5,5,-1,-1,-1,13803,-1,-1,-1
640,2150,/people/person/profession,5,5,-1,-1,-1,1259,-1,-1,-1
641,2174,/people/person/profession,0,0,-1,-1,10390,4396,-1,-1,-1
642,7073,/people/person/profession,0,0,-1,-1,-1,4396,-1,-1,-1
643,3014,/people/person/profession,5,4,-1,-1,-1,4396,-1,-1,-1
644,11766,/people/person/profession,5,0,-1,-1,-1,-1,-1,-1,-1
645,10124,/people/person/profession,0,0,-1,-1,-1,4396,-1,-1,-1
646,988,/people/person/profession,0,0,-1,-1,-1,4396,-1,-1,-1
647,204,/people/person/profession,2,2,-1,-1,4458,1370,-1,-1,-1
648,9980,/people/person/profession,5,5,-1,-1,-1,11863,-1,7835,-1
649,9379,/people/person/profession,0,5,-1,-1,-1,4396,-1,-1,-1
650,5226,/people/person/profession,5,0,8663,-1,-1,13857,-1,-1,-1
651,3179,/people/person/profession,2,1,-1,-1,-1,4403,-1,-1,-1
652,1394,/people/person/profession,5,5,-1,-1,-1,4396,-1,-1,-1
653,12409,/people/person/profession,0,1,-1,-1,-1,4396,-1,7835,-1
654,2826,/people/person/profession,5,5,-1,-1,-1,-1,-1,-1,-1
655,233,/people/person/profession,0,5,-1,-1,-1,4396,-1,7835,-1
656,114,/people/person/profession,2,5,-1,-1,-1,1370,-1,-1,-1
657,10462,/people/person/profession,4,4,-1,-1,-1,11852,-1,-1,-1
658,10222,/people/person/profession,5,4,-1,-1,-1,4510,-1,-1,-1
659,6313,/people/person/profession,0,0,-1,-1,-1,4396,-1,-1,-1
660,11892,/people/person/profession,5,5,-1,-1,-1,4396,-1,-1,-1
661,2754,/people/person/profession,5,5,8663,-1,-1,13720,-1,-1,-1
662,13236,/people/person/profession,1,5,-1,4353,-1,11852,-1,-1,-1
663,10961,/people/person/profession,0,0,-1,-1,-1,4396,-1,-1,-1
664,8159,/people/person/profession,5,1,-1,-1,-1,11246,-1,-1,-1
665,13965,/people/person/profession,3,5,-1,-1,10390,4441,-1,-1,-1
666,3769,/people/person/profession,0,2,-1,-1,-1,4396,-1,-1,-1
667,2170,/people/person/profession,0,2,-1,-1,-1,4396,-1,-1,-1
668,667,/people/person/profession,4,5,-1,-1,-1,6121,-1,-1,-1
669,2085,/people/person/profession,5,5,-1,-1,-1,13803,-1,-1,-1
670,2766,/people/person/profession,0,5,-1,-1,-1,4396,-1,-1,-1
671,8531,/people/person/profession,3,4,-1,-1,-1,4441,-1,-1,-1
672,2560,/people/person/profession,2,0,-1,-1,-1,1370,-1,-1,-1
673,1172,/people/person/profession,5,5,-1,-1,-1,6121,-1,7835,-1
674,3404,/people/person/profession,5,5,-1,-1,-1,13803,-1,-1,-1
675,9267,/people/person/profession,1,2,-1,-1,-1,11852,-1,-1,-1
676,6729,/people/person/profession,5,4,-1,-1,-1,4510,-1,-1,-1
677,4554,/people/person/profession,0,0,-1,-1,-1,4396,-1,-1,-1
678,10765,/people/person/profession,0,0,-1,-1,-1,4441,-1,-1,-1
679,13091,/people/person/profession,2,5,-1,-1,-1,1370,-1,-1,-1
680,4114,/people/person/profession,1,4,-1,-1,-1,11852,-1,-1,-1
681,2832,/people/person/profession,5,5,-1,-1,-1,11246,-1,-1,-1
682,6861,/people/person/profession,0,1,-1,-1,-1,4396,-1,-1,-1
683,1684,/people/person/profession,5,5,-1,-1,-1,733,-1,-1,-1
684,1828,/people/person/profession,0,0,-1,-1,-1,4396,-1,-1,-1
685,3424,/people/person/profession,5,5,-1,-1,-1,10485,-1,-1,-1
686,843,/people/person/profession,5,5,-1,-1,-1,10485,-1,-1,-1
687,10553,/people/person/profession,2,4,-1,-1,-1,1370,-1,-1,-1
688,3767,/people/person/profession,5,5,-1,-1,-1,3444,-1,-1,-1
689,7800,/people/person/profession,1,2,-1,-1,-1,11852,-1,-1,-1
690,12199,/people/person/profession,5,0,-1,-1,10390,13857,-1,-1,-1
691,10141,/people/person/profession,5,2,-1,-1,-1,4510,-1,-1,-1
692,2007,/people/person/profession,5,0,-1,-1,-1,-1,-1,-1,-1
693,9739,/people/person/profession,1,3,-1,-1,-1,11852,-1,-1,-1
694,11892,/people/person/profession,0,5,-1,-1,-1,4396,-1,-1,-1
695,7474,/people/person/profession,5,5,-1,-1,-1,1259,-1,-1,-1
696,3733,/people/person/profession,5,5,-1,-1,-1,4396,-1,7835,-1
697,1581,/people/person/profession,3,1,-1,-1,-1,4441,-1,-1,-1
698,5153,/people/person/profession,1,4,8663,-1,-1,11852,-1,-1,-1
699,6158,/people/person/profession,5,5,-1,-1,-1,11863,-1,-1,-1
700,12332,/people/person/profession,5,5,-1,-1,-1,11246,-1,-1,-1
701,2114,/people/person/profession,5,4,-1,-1,10390,4396,-1,7835,-1
702,2700,/people/person/profession,5,5,-1,-1,-1,5823,-1,7835,-1
703,7509,/people/person/profession,5,5,-1,-1,-1,-1,-1,-1,-1
704,7257,/people/person/profession,5,5,-1,-1,-1,-1,-1,-1,-1
705,9751,/people/person/profession,5,5,-1,-1,-1,1259,-1,-1,-1
706,9993,/people/person/profession,0,0,-1,-1,-1,4396,-1,-1,-1
707,12958,/people/person/profession,5,5,-1,-1,-1,-1,-1,-1,-1
708,2760,/people/person/profession,0,5,-1,-1,-1,4396,-1,-1,-1
709,14034,/people/person/profession,0,5,8663,-1,-1,4396,-1,-1,-1
710,10246,/people/person/profession,0,0,-1,-1,10390,4396,-1,-1,-1
711,10139,/people/person/profession,0,3,-1,-1,-1,4396,-1,-1,-1
712,1582,/people/person/profession,4,0,-1,-1,-1,4396,-1,-1,-1
713,2617,/people/person/profession,5,5,-1,-1,-1,3444,-1,-1,-1
714,6568,/people/person/profession,5,5,-1,-1,-1,10485,-1,-1,-1
715,9744,/people/person/profession,5,0,-1,-1,-1,923,-1,-1,-1
716,2225,/people/person/profession,5,5,-1,-1,-1,-1,-1,-1,-1
717,3818,/people/person/profession,4,4,-1,-1,-1,6121,-1,-1,-1
718,7050,/people/person/profession,5,5,-1,-1,-1,-1,-1,-1,-1
719,4675,/people/person/profession,0,0,-1,-1,-1,4396,-1,-1,-1
720,10730,/people/person/profession,5,2,-1,-1,-1,-1,-1,-1,-1
721,3768,/people/person/profession,1,4,-1,-1,-1,11852,-1,-1,-1
722,7789,/people/person/profession,5,5,-1,-1,-1,1259,-1,-1,-1
723,5464,/people/person/profession,1,3,-1,-1,-1,11852,-1,-1,-1
724,7537,/people/person/profession,5,5,-1,-1,-1,13317,-1,-1,-1
725,6902,/people/person/profession,5,0,-1,-1,-1,4510,-1,-1,-1
726,3570,/people/person/profession,0,0,-1,-1,-1,4396,-1,-1,-1
727,12255,/people/person/profession,5,4,-1,-1,-1,11246,-1,-1,-1
728,12862,/people/person/profession,3,3,-1,-1,10390,4441,-1,-1,-1
729,2620,/people/person/profession,2,0,-1,-1,-1,1370,-1,-1,-1
730,2289,/people/person/profession,2,0,-1,-1,-1,1370,-1,-1,-1
731,113,/people/person/profession,5,5,-1,-1,-1,733,-1,7835,-1
732,8451,/people/person/profession,1,2,-1,-1,-1,11852,-1,-1,-1
733,6501,/people/person/profession,4,2,-1,-1,-1,6121,-1,-1,-1
734,8562,/people/person/profession,3,4,-1,4353,10390,4441,-1,-1,-1
735,1536,/people/person/profession,5,4,-1,-1,-1,923,-1,-1,-1
736,2622,/people/person/profession,5,0,-1,-1,-1,13857,-1,-1,-1
737,3048,/people/person/profession,5,5,-1,-1,-1,-1,-1,-1,-1
738,2931,/people/person/profession,5,5,-1,-1,10390,10485,-1,7835,-1
739,13375,/people/person/profession,2,5,8663,-1,-1,1370,-1,-1,-1
740,2130,/people/person/profession,5,5,8663,-1,-1,-1,-1,-1,-1
741,2114,/people/person/profession,0,4,-1,-1,10390,4396,-1,7835,-1
742,7238,/people/person/profession,5,5,-1,-1,-1,10485,-1,-1,-1
743,7238,/people/person/profession,5,5,-1,-1,-1,10485,-1,-1,-1
744,1656,/people/person/profession,5,5,8663,-1,-1,11246,-1,-1,-1
745,889,/people/person/profession,2,2,-1,-1,-1,4441,-1,-1,-1
746,7634,/people/person/profession,5,3,-1,-1,-1,1259,-1,7835,-1
747,8159,/people/person/profession,2,1,-1,-1,-1,11246,-1,-1,-1
748,10120,/people/person/profession,5,2,-1,-1,-1,4510,-1,-1,-1
749,8434,/people/person/profession,0,0,-1,-1,-1,4396,-1,-1,-1
750,12914,/people/person/profession,5,5,-1,-1,-1,10485,-1,-1,-1
751,2775,/people/person/profession,0,5,-1,-1,-1,4396,-1,-1,-1
752,2713,/people/person/profession,5,5,-1,-1,10390,11863,-1,-1,-1
753,1998,/people/person/profession,0,0,-1,-1,-1,4396,-1,-1,-1
754,5573,/people/person/profession,2,0,-1,-1,-1,1370,-1,-1,-1
755,5112,/people/person/profession,1,0,-1,-1,-1,11852,-1,-1,-1
756,1678,/people/person/profession,4,0,-1,-1,-1,6121,-1,-1,-1
757,2676,/people/person/profession,3,5,-1,-1,-1,4441,-1,-1,-1
758,5444,/people/person/profession,5,2,-1,-1,-1,4510,-1,-1,-1
759,10295,/people/person/profession,5,5,-1,-1,-1,-1,-1,-1,-1
760,429,/people/person/profession,5,5,-1,-1,-1,-1,-1,-1,-1
761,3307,/people/person/profession,2,0,8663,-1,-1,1370,-1,-1,-1
762,8360,/people/person/profession,0,0,-1,-1,-1,4396,-1,-1,-1
763,7377,/people/person/profession,1,4,-1,-1,-1,6121,-1,-1,-1
764,6649,/people/person/profession,4,4,-1,-1,-1,6121,-1,-1,-1
765,11811,/people/person/profession,5,5,-1,-1,-1,733,-1,-1,-1
766,407,/people/person/profession,1,4,-1,-1,-1,11852,-1,-1,-1
767,7221,/people/person/profession,5,5,-1,-1,-1,13317,-1,-1,-1
768,8858,/people/person/profession,0,0,-1,-1,10390,4396,-1,-1,-1
769,4519,/people/person/profession,1,3,-1,-1,-1,11852,-1,-1,-1
770,3313,/people/person/profession,0,5,-1,-1,-1,4396,-1,-1,-1
771,3712,/people/person/profession,0,0,-1,-1,-1,4396,-1,-1,-1
772,5105,/people/person/profession,0,4,-1,-1,-1,4396,-1,-1,-1
773,2172,/people/person/profession,5,0,-1,-1,-1,923,-1,-1,-1
774,1933,/people/person/profession,5,5,-1,-1,-1,10485,-1,-1,-1
775,5459,/people/person/profession,1,2,8663,-1,10390,11852,-1,-1,-1
776,6038,/people/person/profession,5,1,-1,-1,-1,4510,-1,-1,-1
777,10907,/people/person/profession,5,0,-1,-1,-1,11518,-1,-1,-1
778,10670,/people/person/profession,1,3,8663,-1,-1,11852,-1,-1,-1
779,3829,/people/person/profession,3,5,-1,-1,-1,4441,-1,-1,-1
780,510,/people/person/profession,1,0,-1,-1,-1,11852,-1,-1,-1
781,5511,/people/person/profession,5,5,5420,-1,-1,10485,-1,-1,-1
782,8073,/people/person/profession,3,4,-1,-1,-1,4441,-1,-1,-1
783,12843,/people/person/profession,1,2,-1,-1,-1,11852,-1,7835,-1
784,7080,/people/person/profession,5,5,-1,-1,-1,13803,-1,-1,-1
785,7993,/people/person/profession,5,5,-1,-1,-1,5823,-1,-1,-1
786,14417,/people/person/profession,1,1,-1,-1,-1,11852,-1,-1,-1
787,8561,/people/person/profession,5,4,-1,-1,-1,13857,-1,-1,-1
788,7892,/people/person/profession,5,0,8663,-1,10390,11246,-1,-1,-1
789,181,/people/person/profession,0,5,-1,-1,-1,4396,-1,-1,-1
790,7206,/people/person/profession,5,5,-1,-1,-1,1259,-1,-1,-1
791,178,/people/person/profession,5,5,8663,-1,10390,11863,-1,-1,-1
792,1198,/people/person/profession,0,0,-1,-1,-1,4396,-1,-1,-1
793,6937,/people/person/profession,3,3,-1,-1,-1,4441,-1,-1,-1
794,8198,/people/person/profession,0,0,-1,-1,-1,4396,-1,-1,-1
795,6032,/people/person/profession,5,0,-1,-1,-1,11518,-1,-1,-1
796,10437,/people/person/profession,0,5,-1,-1,-1,4441,-1,-1,-1
797,9111,/people/person/profession,5,5,-1,-1,-1,-1,-1,-1,-1
798,7244,/people/person/profession,5,5,-1,-1,10390,10485,-1,-1,-1
799,11864,/people/person/profession,5,5,-1,-1,-1,13317,-1,-1,-1
800,4383,/people/person/profession,0,2,-1,-1,-1,4396,-1,-1,-1
801,13820,/people/person/profession,5,5,-1,-1,-1,-1,-1,-1,-1
802,8827,/people/person/profession,5,5,-1,-1,-1,13317,-1,-1,-1
803,12134,/people/person/profession,5,5,-1,-1,-1,-1,-1,-1,-1
804,7494,/people/person/profession,5,1,-1,-1,-1,923,-1,-1,-1
805,4620,/people/person/profession,3,4,-1,-1,-1,4441,-1,-1,-1
806,13161,/people/person/profession,5,5,-1,-1,-1,1259,-1,-1,-1
807,1548,/people/person/profession,5,1,-1,-1,-1,923,-1,-1,-1
808,10568,/people/person/profession,1,3,8663,-1,-1,11852,-1,-1,-1
809,10447,/people/person/profession,2,4,8663,-1,-1,1370,-1,-1,-1
810,3076,/people/person/profession,0,0,-1,-1,-1,4441,-1,-1,-1
811,14075,/people/person/profession,5,5,-1,-1,10390,1370,-1,-1,-1
812,12557,/people/person/profession,2,2,-1,-1,-1,1370,-1,-1,-1
813,6485,/people/person/profession,0,5,-1,-1,10390,4396,-1,-1,-1
814,6018,/people/person/profession,3,1,-1,-1,-1,4441,-1,-1,-1
815,6263,/people/person/profession,5,5,-1,-1,-1,159,-1,-1,-1
816,11158,/people/person/profession,1,5,-1,-1,-1,11852,-1,-1,-1
817,4797,/people/person/profession,5,0,-1,-1,-1,10485,-1,-1,-1
818,6154,/people/person/profession,2,2,-1,-1,-1,1370,-1,-1,-1
819,10687,/people/person/profession,4,0,-1,-1,-1,4396,-1,-1,-1
820,9505,/people/person/profession,4,2,-1,-1,-1,6121,-1,-1,-1
821,12515,/people/person/profession,0,2,-1,-1,10390,11852,-1,-1,-1
822,6209,/people/person/profession,5,5,-1,-1,-1,10485,-1,-1,-1
823,2709,/people/person/profession,5,5,-1,-1,-1,10485,-1,-1,-1
824,1207,/people/person/profession,0,0,-1,-1,-1,4396,-1,-1,-1
825,1248,/people/person/profession,5,3,-1,-1,-1,-1,-1,-1,-1
826,5822,/people/person/profession,5,5,-1,-1,-1,-1,-1,-1,-1
827,8289,/people/person/profession,0,0,-1,-1,-1,4396,-1,-1,-1
828,8873,/people/person/profession,1,3,8663,-1,-1,11852,-1,-1,-1
829,6338,/people/person/profession,5,0,-1,-1,-1,10485,-1,-1,-1
830,675,/people/person/profession,5,3,-1,-1,-1,923,-1,-1,-1
831,12031,/people/person/profession,1,5,-1,-1,-1,13317,-1,-1,-1
832,2700,/people/person/profession,0,5,-1,-1,-1,5823,-1,7835,-1
833,4342,/people/person/profession,0,5,-1,-1,-1,4396,-1,-1,-1
834,8159,/people/person/profession,5,1,-1,-1,-1,11246,-1,-1,-1
835,1965,/people/person/profession,0,5,-1,-1,-1,4396,-1,-1,-1
836,12055,/people/person/profession,0,5,8663,-1,-1,4396,-1,-1,-1
837,12563,/people/person/profession,2,5,-1,-1,-1,1370,-1,-1,-1
838,13473,/people/person/profession,5,0,8663,-1,-1,13317,-1,-1,-1
839,6262,/people/person/profession,5,0,-1,-1,-1,159,-1,-1,-1
840,8711,/people/person/profession,5,0,-1,-1,-1,-1,-1,-1,-1
841,2863,/people/person/profession,5,0,-1,-1,-1,923,-1,-1,-1
842,1172,/people/person/profession,2,5,-1,-1,-1,6121,-1,7835,-1
843,730,/people/person/profession,5,5,-1,-1,-1,13803,-1,-1,-1
844,2678,/people/person/profession,0,0,-1,-1,-1,4396,-1,-1,-1
845,11220,/people/person/profession,2,4,-1,-1,-1,1370,-1,7835,-1
846,9271,/people/person/profession,5,5,-1,-1,-1,-1,-1,-1,-1
847,5726,/people/person/profession,0,0,-1,-1,-1,4396,-1,-1,-1
848,13611,/people/person/profession,3,1,-1,-1,-1,159,-1,-1,-1
849,10508,/people/person/profession,0,0,-1,-1,-1,4396,-1,7835,-1
850,7865,/people/person/profession,5,5,8663,-1,-1,10485,-1,-1,-1
851,228,/people/person/profession,5,5,-1,-1,-1,-1,-1,-1,-1
852,8352,/people/person/profession,0,0,-1,-1,-1,4396,-1,-1,-1
853,1077,/people/person/profession,5,0,-1,-1,-1,-1,-1,-1,-1
854,13964,/people/person/profession,5,5,-1,-1,-1,13857,-1,-1,-1
855,7767,/people/person/profession,1,4,-1,-1,-1,11852,-1,-1,-1
856,3065,/people/person/profession,5,0,-1,-1,-1,10485,-1,-1,-1
857,12903,/people/person/profession,2,0,-1,-1,-1,1370,-1,-1,-1
858,1922,/people/person/profession,0,0,-1,-1,-1,4396,-1,-1,-1
859,8966,/people/person/profession,5,5,-1,-1,-1,13803,-1,-1,-1
860,10726,/people/person/profession,3,4,-1,-1,10390,4441,-1,-1,-1
861,11903,/people/person/profession,1,4,8663,-1,-1,11852,-1,-1,-1
862,5817,/people/person/profession,4,0,-1,-1,-1,6121,-1,-1,-1
863,825,/people/person/profession,5,5,-1,-1,-1,733,-1,7835,-1
864,3292,/people/person/profession,0,0,-1,-1,-1,4396,-1,-1,-1
865,2701,/people/person/profession,5,5,-1,-1,-1,1370,-1,-1,-1
866,10462,/people/person/profession,5,4,-1,-1,-1,11852,-1,-1,-1
867,6201,/people/person/profession,5,1,-1,-1,-1,-1,-1,-1,-1
868,10687,/people/person/profession,0,0,-1,-1,-1,4396,-1,-1,-1
869,12709,/people/person/profession,5,4,-1,-1,-1,923,-1,-1,-1
870,7947,/people/person/profession,5,5,-1,-1,10390,-1,-1,-1,-1
871,7232,/people/person/profession,1,2,-1,-1,-1,11852,-1,-1,-1
872,4532,/people/person/profession,5,0,-1,-1,-1,923,-1,-1,-1
873,8733,/people/person/profession,0,5,-1,-1,-1,4396,-1,-1,-1
874,9011,/people/person/profession,0,0,-1,4353,-1,4396,-1,7835,-1
875,3890,/people/person/profession,5,5,8663,-1,10390,13803,-1,-1,-1
876,2938,/people/person/profession,5,5,-1,-1,-1,1259,-1,-1,-1
877,12524,/people/person/profession,1,0,-1,-1,-1,11852,-1,-1,-1
878,2227,/people/person/profession,5,5,8663,-1,-1,-1,-1,-1,-1
879,13938,/people/person/profession,1,2,-1,-1,-1,11852,-1,7835,-1
880,1841,/people/person/profession,5,5,-1,-1,-1,11863,-1,-1,-1
881,11546,/people/person/profession,5,5,-1,-1,-1,-1,-1,-1,-1
882,672,/people/person/profession,5,5,-1,-1,-1,13317,-1,-1,-1
883,8247,/people/person/profession,0,0,-1,-1,-1,4396,-1,-1,-1
884,11236,/people/person/profession,5,4,-1,-1,-1,13317,-1,-1,-1
885,14077,/people/person/profession,5,5,-1,-1,-1,13803,-1,-1,-1
886,3053,/people/person/profession,5,0,-1,-1,-1,11518,-1,-1,-1
887,8574,/people/person/profession,5,0,-1,-1,-1,11518,-1,-1,-1
888,7936,/people/person/profession,5,1,-1,-1,-1,13317,-1,-1,-1
889,2759,/people/person/profession,5,5,-1,-1,-1,1370,-1,-1,-1
890,7946,/people/person/profession,1,0,-1,-1,-1,11852,-1,-1,-1
891,3541,/people/person/profession,5,1,5420,-1,-1,11246,-1,-1,-1
892,13337,/people/person/profession,2,3,-1,-1,-1,1370,-1,-1,-1
893,4818,/people/person/profession,5,5,-1,-1,-1,-1,-1,-1,-1
894,2968,/people/person/profession,2,3,-1,-1,-1,1370,-1,-1,-1
895,6226,/people/person/profession,5,5,-1,-1,-1,11246,-1,-1,-1
896,4893,/people/person/profession,0,0,-1,-1,-1,4396,-1,-1,-1
897,7494,/people/person/profession,5,1,-1,-1,-1,923,-1,-1,-1
898,12654,/people/person/profession,1,4,-1,-1,-1,11852,-1,-1,-1
899,693,/people/person/profession,0,5,-1,-1,-1,4396,-1,-1,-1
900,2607,/people/person/profession,5,5,8663,-1,-1,-1,-1,7835,-1
901,4866,/people/person/profession,3,2,-1,-1,-1,4441,-1,7835,-1
902,8317,/people/person/profession,5,1,-1,-1,-1,13317,-1,7835,-1
903,10324,/people/person/profession,5,1,-1,-1,-1,4403,-1,-1,-1
904,5226,/people/person/profession,5,0,8663,-1,-1,13857,-1,-1,-1
905,2551,/people/person/profession,5,5,-1,-1,-1,10485,-1,-1,-1
906,10914,/people/person/profession,0,0,8663,-1,-1,4396,-1,-1,-1
907,6397,/people/person/profession,3,2,-1,-1,-1,4441,-1,-1,-1
908,11134,/people/person/profession,5,0,-1,-1,10390,159,-1,7835,-1
909,12147,/people/person/profession,5,5,-1,-1,-1,-1,-1,-1,-1
910,955,/people/person/profession,5,0,-1,-1,-1,-1,-1,-1,-1
911,4724,/people/person/profession,2,1,8663,-1,-1,1370,-1,-1,-1
912,5813,/people/person/profession,0,5,-1,-1,-1,4396,-1,-1,-1
913,4302,/people/person/profession,0,1,-1,-1,-1,4396,-1,-1,-1
914,2189,/people/person/profession,5,0,-1,-1,-1,13857,-1,-1,-1
915,8401,/people/person/profession,5,0,8663,-1,-1,923,-1,-1,-1
916,3281,/people/person/profession,5,4,-1,-1,-1,923,-1,-1,-1
917,7934,/people/person/profession,5,5,-1,-1,-1,-1,-1,-1,-1
918,13787,/people/person/profession,2,0,8663,-1,-1,1370,-1,-1,-1
919,5301,/people/person/profession,2,4,-1,-1,-1,1370,-1,-1,-1
920,2887,/people/person/profession,5,0,-1,-1,-1,923,-1,-1,-1
921,11991,/people/person/profession,5,5,-1,-1,-1,11246,-1,-1,-1
922,2535,/people/person/profession,5,4,-1,-1,10390,4396,-1,-1,-1
923,2535,/people/person/profession,0,4,-1,-1,10390,4396,-1,-1,-1
924,1972,/people/person/profession,0,5,-1,-1,-1,4396,-1,-1,-1
925,10997,/people/person/profession,3,3,-1,-1,-1,4441,-1,-1,-1
926,2675,/people/person/profession,5,5,-1,-1,-1,-1,-1,-1,-1
927,6083,/people/person/profession,3,3,8663,-1,10390,4441,-1,-1,-1
928,2603,/people/person/profession,5,5,-1,-1,-1,10485,-1,-1,-1
929,11186,/people/person/profession,5,5,-1,-1,-1,13317,-1,7835,-1
930,905,/people/person/profession,5,0,-1,-1,-1,-1,-1,-1,-1
931,9500,/people/person/profession,4,1,-1,-1,-1,6121,-1,-1,-1
932,2707,/people/person/profession,5,5,-1,-1,-1,-1,-1,-1,-1
933,11710,/people/person/profession,5,5,-1,-1,-1,-1,-1,-1,-1
934,9043,/people/person/profession,0,0,-1,-1,-1,4396,-1,-1,-1
935,10760,/people/person/profession,2,2,-1,-1,-1,1370,-1,-1,-1
936,4056,/people/person/profession,5,5,-1,-1,-1,11863,-1,-1,-1
937,11323,/people/person/profession,1,4,8663,-1,-1,11852,-1,-1,-1
938,340,/people/person/profession,5,5,8663,-1,-1,4396,-1,7835,-1
939,2729,/people/person/profession,5,5,-1,-1,-1,10485,-1,-1,-1
940,10298,/people/person/profession,3,0,-1,-1,-1,4441,-1,-1,-1
941,4418,/people/person/profession,5,5,-1,-1,-1,10485,-1,-1,-1
942,4768,/people/person/profession,5,5,-1,-1,-1,13803,-1,-1,-1
943,7574,/people/person/profession,5,5,-1,-1,-1,10485,-1,-1,-1
944,2554,/people/person/profession,2,3,-1,-1,-1,1370,-1,-1,-1
945,843,/people/person/profession,5,5,-1,-1,-1,10485,-1,-1,-1
946,7189,/people/person/profession,5,0,-1,-1,-1,923,-1,-1,-1
947,13238,/people/person/profession,5,5,-1,-1,4458,733,-1,-1,-1
948,2161,/people/person/profession,5,5,-1,-1,-1,13317,-1,-1,-1
949,46,/people/person/profession,5,5,-1,-1,-1,-1,-1,-1,-1
950,9671,/people/person/profession,5,0,-1,-1,-1,4510,-1,-1,-1
951,7027,/people/person/profession,5,5,-1,-1,-1,1259,-1,-1,-1
952,3442,/people/person/profession,5,1,-1,-1,-1,4510,-1,-1,-1
953,6099,/people/person/profession,3,3,-1,-1,-1,4441,-1,-1,-1
954,6625,/people/person/profession,5,5,-1,-1,-1,-1,-1,-1,-1
955,8697,/people/person/profession,0,0,8663,-1,-1,4396,-1,-1,-1
956,825,/people/person/profession,5,5,-1,-1,-1,733,-1,7835,-1
957,14065,/people/person/profession,0,5,8663,-1,-1,4396,-1,-1,-1
958,5045,/people/person/profession,5,5,-1,-1,-1,-1,-1,-1,-1
959,4931,/people/person/profession,2,3,-1,-1,-1,1370,-1,-1,-1
960,13990,/people/person/profession,5,5,-1,-1,-1,-1,-1,-1,-1
961,3215,/people/person/profession,5,5,-1,-1,10390,11246,-1,-1,-1
962,7746,/people/person/profession,0,0,-1,-1,-1,4396,-1,-1,-1
963,10170,/people/person/profession,1,5,-1,-1,-1,11852,-1,-1,-1
964,2581,/people/person/profession,0,0,-1,-1,-1,4396,-1,-1,-1
965,7206,/people/person/profession,5,5,-1,-1,-1,1259,-1,-1,-1
966,7270,/people/person/profession,2,0,-1,-1,-1,1370,-1,-1,-1
967,7617,/people/person/profession,1,4,-1,-1,-1,11852,-1,-1,-1
968,975,/people/person/profession,1,3,-1,-1,-1,11852,-1,-1,-1
969,6737,/people/person/profession,1,4,-1,-1,-1,11852,-1,-1,-1
970,6458,/people/person/profession,0,0,-1,-1,-1,4396,-1,-1,-1
971,7828,/people/person/profession,5,0,-1,-1,-1,4396,-1,-1,-1
972,12670,/people/person/profession,0,0,-1,-1,-1,4396,-1,-1,-1
973,9338,/people/person/profession,4,4,-1,-1,-1,6121,-1,-1,-1
974,11744,/people/person/profession,5,1,-1,-1,-1,13857,-1,-1,-1
975,12721,/people/person/profession,3,2,-1,-1,-1,4441,-1,-1,-1
976,14026,/people/person/profession,5,4,-1,-1,-1,10485,-1,-1,-1
977,8854,/people/person/profession,5,5,-1,-1,-1,13803,-1,-1,-1
978,2759,/people/person/profession,5,5,-1,-1,-1,1370,-1,-1,-1
979,2474,/people/person/profession,5,5,-1,-1,-1,10485,-1,-1,-1
980,9462,/people/person/profession,3,4,-1,-1,-1,4441,-1,7835,-1
981,13273,/people/person/profession,1,2,-1,-1,-1,11852,-1,-1,-1
982,10283,/people/person/profession,5,5,-1,-1,-1,13803,-1,-1,-1
983,3608,/people/person/profession,0,0,-1,-1,-1,4396,-1,-1,-1
984,7785,/people/person/profession,5,5,-1,-1,-1,11246,-1,7835,-1
985,8577,/people/person/profession,5,4,-1,-1,-1,-1,-1,-1,-1
986,3720,/people/person/profession,2,4,-1,-1,-1,1370,-1,-1,-1
987,4429,/people/person/profession,0,0,-1,-1,-1,4396,-1,-1,-1
988,10343,/people/person/profession,2,5,-1,-1,-1,1370,-1,-1,-1
989,9220,/people/person/profession,5,5,-1,-1,-1,-1,-1,-1,-1
990,12935,/people/person/profession,4,3,-1,-1,4458,6121,-1,-1,-1
991,2048,/people/person/profession,5,5,-1,-1,-1,11246,-1,-1,-1
992,13454,/people/person/profession,0,0,-1,-1,-1,4396,-1,-1,-1
993,7247,/people/person/profession,0,0,-1,-1,-1,4396,-1,-1,-1
994,12838,/people/person/profession,5,2,8663,-1,-1,-1,-1,7835,-1
995,7533,/people/person/profession,5,1,-1,-1,-1,13317,-1,-1,-1
996,6253,/people/person/profession,0,0,-1,-1,-1,4396,-1,-1,-1
997,3301,/people/person/profession,5,3,-1,-1,-1,-1,-1,-1,-1
998,4930,/people/person/profession,5,3,-1,-1,-1,-1,-1,-1,-1
999,9576,/people/person/profession,2,0,-1,-1,-1,1370,-1,-1,-1
1000,13443,/people/person/profession,5,0,-1,-1,-1,11518,-1,-1,-1
1001,713,/people/person/profession,5,5,-1,-1,-1,1259,-1,-1,-1
1002,11036,/people/person/profession,5,5,8663,-1,-1,-1,-1,-1,-1
1003,12248,/people/person/profession,5,5,8663,-1,-1,13317,-1,-1,-1
1004,1054,/people/person/profession,5,5,-1,-1,-1,11863,-1,-1,-1
1005,5320,/people/person/profession,5,5,-1,-1,10390,11246,-1,-1,-1
1006,10462,/people/person/profession,1,4,-1,-1,-1,11852,-1,-1,-1
1007,3581,/people/person/profession,0,0,-1,-1,-1,4396,-1,-1,-1
1008,5136,/people/person/profession,5,0,-1,-1,-1,-1,-1,7835,-1
1009,3733,/people/person/profession,0,5,-1,-1,-1,4396,-1,7835,-1
1010,2706,/people/person/profession,5,5,-1,-1,-1,10485,-1,7835,-1
1011,248,/people/person/profession,3,0,-1,-1,-1,4441,-1,7835,-1
1012,3111,/people/person/profession,0,0,-1,-1,-1,4396,-1,-1,-1
1013,894,/people/person/profession,2,0,-1,-1,-1,1370,-1,-1,-1
1014,12031,/people/person/profession,5,5,-1,-1,-1,13317,-1,-1,-1
1015,13168,/people/person/profession,1,0,8663,-1,-1,11852,-1,-1,-1
1016,5048,/people/person/profession,5,5,-1,-1,-1,-1,-1,-1,-1
1017,5151,/people/person/profession,0,4,-1,-1,-1,4396,-1,-1,-1
1018,7022,/people/person/profession,5,0,-1,-1,-1,11518,-1,-1,-1
1019,5281,/people/person/profession,5,5,-1,-1,-1,13803,-1,-1,-1
1020,4773,/people/person/profession,3,2,-1,-1,-1,4441,-1,-1,-1
1021,2902,/people/person/profession,5,5,-1,-1,-1,13720,-1,-1,-1
1022,10437,/people/person/profession,3,5,-1,-1,-1,4441,-1,-1,-1
1023,6463,/people/person/profession,4,0,8663,-1,-1,6121,-1,-1,-1
1024,7828,/people/person/profession,0,0,-1,-1,-1,4396,-1,-1,-1
1025,10510,/people/person/profession,5,5,-1,-1,-1,-1,-1,-1,-1
1026,11549,/people/person/profession,5,5,-1,-1,-1,-1,-1,-1,-1
1027,1220,/people/person/profession,0,5,-1,-1,-1,4396,-1,7835,-1
1028,2005,/people/person/profession,0,5,-1,-1,10390,4396,-1,-1,-1
1029,3790,/people/person/profession,0,0,-1,-1,-1,4396,-1,-1,-1
1030,9943,/people/person/profession,0,0,-1,-1,-1,4396,-1,-1,-1
1031,2752,/people/person/profession,5,5,-1,-1,10390,11863,-1,-1,-1
1032,10765,/people/person/profession,3,0,-1,-1,-1,4441,-1,-1,-1
1033,2759,/people/person/profession,2,5,-1,-1,-1,1370,-1,-1,-1
1034,9553,/people/person/profession,2,2,-1,-1,-1,1370,-1,-1,-1
1035,2839,/people/person/profession,0,0,-1,-1,-1,4396,-1,-1,-1
1036,7435,/people/person/profession,0,3,-1,-1,-1,4396,-1,-1,-1
1037,11174,/people/person/profession,1,5,-1,-1,-1,11852,-1,-1,-1
1038,2959,/people/person/profession,5,0,-1,-1,-1,11518,-1,-1,-1
1039,799,/people/person/profession,5,5,-1,-1,-1,5823,-1,-1,-1
1040,14039,/people/person/profession,4,4,-1,-1,-1,6121,-1,-1,-1
1041,1542,/people/person/profession,1,3,-1,-1,-1,11852,-1,-1,-1
1042,3582,/people/person/profession,4,0,-1,-1,-1,6121,-1,-1,-1
1043,2048,/people/person/profession,5,5,-1,-1,-1,11246,-1,-1,-1
1044,2852,/people/person/profession,5,5,-1,-1,-1,4396,-1,-1,-1
1045,10274,/people/person/profession,5,5,-1,-1,-1,-1,-1,-1,-1
1046,6052,/people/person/profession,5,5,-1,-1,-1,-1,-1,-1,-1
1047,4553,/people/person/profession,2,2,-1,-1,-1,1370,-1,-1,-1
1048,13467,/people/person/profession,5,0,-1,-1,-1,923,-1,-1,-1
1049,5905,/people/person/profession,0,5,-1,-1,4458,4396,-1,-1,-1
1050,6476,/people/person/profession,0,0,-1,-1,-1,4396,-1,-1,-1
1051,129,/people/person/profession,0,0,5420,-1,-1,4396,-1,-1,-1
1052,4413,/people/person/profession,2,2,8663,-1,10390,1370,-1,-1,-1
1053,8590,/people/person/profession,0,0,-1,-1,-1,4396,-1,-1,-1
1054,11390,/people/person/profession,4,4,-1,-1,-1,6121,-1,-1,-1
1055,3109,/people/person/profession,0,0,-1,-1,-1,4396,-1,-1,-1
1056,1911,/people/person/profession,4,1,-1,-1,-1,6121,-1,-1,-1
1057,4435,/people/person/profession,5,5,-1,-1,-1,-1,-1,-1,-1
1058,2650,/people/person/profession,0,0,-1,-1,-1,4396,-1,-1,-1
1059,12883,/people/person/profession,5,5,-1,-1,-1,-1,-1,-1,-1
1060,4687,/people/person/profession,0,0,-1,-1,-1,4396,-1,-1,-1
1061,290,/people/person/profession,5,5,-1,-1,-1,13857,-1,-1,-1
1062,10050,/people/person/profession,1,4,-1,-1,-1,11852,-1,-1,-1
1063,2702,/people/person/profession,5,5,-1,-1,-1,733,-1,-1,-1
1064,889,/people/person/profession,3,2,-1,-1,-1,4441,-1,-1,-1
1065,4715,/people/person/profession,5,5,-1,-1,-1,923,-1,-1,-1
1066,7286,/people/person/profession,5,5,-1,-1,-1,-1,-1,-1,-1
1067,2874,/people/person/profession,0,5,-1,-1,-1,4396,-1,-1,-1
1068,2085,/people/person/profession,5,5,-1,-1,-1,13803,-1,-1,-1
1069,8465,/people/person/profession,5,5,-1,-1,-1,3444,-1,-1,-1
1070,2134,/people/person/profession,0,0,-1,-1,-1,4396,-1,-1,-1
1071,8364,/people/person/profession,4,2,-1,-1,-1,6121,-1,-1,-1
1072,11508,/people/person/profession,5,5,-1,-1,-1,3444,-1,-1,-1
1073,2398,/people/person/profession,2,0,-1,-1,-1,1370,-1,-1,-1
1074,10613,/people/person/profession,5,5,-1,-1,-1,11863,-1,-1,-1
1075,7711,/people/person/profession,0,0,-1,-1,-1,4396,-1,-1,-1
1076,1834,/people/person/profession,5,5,-1,-1,-1,-1,-1,-1,-1
1077,3986,/people/person/profession,1,0,-1,-1,-1,11852,-1,-1,-1
1078,6449,/people/person/profession,5,0,-1,-1,-1,13857,-1,-1,-1
1079,7795,/people/person/profession,0,0,-1,-1,-1,4396,-1,-1,-1
1080,2426,/people/person/profession,1,4,-1,-1,-1,11852,-1,-1,-1
1081,14233,/people/person/profession,5,5,-1,-1,-1,923,-1,-1,-1
1082,10615,/people/person/profession,1,3,-1,-1,-1,11852,-1,-1,-1
1083,958,/people/person/profession,5,5,-1,-1,-1,11863,-1,-1,-1
1084,9319,/people/person/profession,4,4,-1,-1,-1,4441,-1,-1,-1
1085,10799,/people/person/profession,3,5,-1,-1,-1,4441,-1,-1,-1
1086,5173,/people/person/profession,2,2,-1,-1,-1,1370,-1,-1,-1
1087,1550,/people/person/profession,5,3,-1,-1,-1,-1,-1,-1,-1
1088,11347,/people/person/profession,5,5,-1,-1,-1,13857,-1,-1,-1
1089,7297,/people/person/profession,5,0,-1,-1,10390,-1,-1,7835,-1
1090,2160,/people/person/profession,5,5,-1,-1,-1,5823,-1,-1,-1
1091,11038,/people/person/profession,5,0,-1,-1,-1,-1,-1,-1,-1
1092,6464,/people/person/profession,4,1,5420,-1,-1,6121,-1,-1,-1
1093,7253,/people/person/profession,0,5,-1,-1,-1,4396,-1,-1,-1
1094,14075,/people/person/profession,0,5,-1,-1,10390,1370,-1,-1,-1
1095,3051,/people/person/profession,5,5,8663,-1,-1,-1,-1,-1,-1
1096,9274,/people/person/profession,5,5,-1,-1,10390,159,-1,-1,-1
1097,3179,/people/person/profession,5,1,-1,-1,-1,4403,-1,-1,-1
1098,6059,/people/person/profession,5,5,-1,-1,-1,10485,-1,-1,-1
1099,12767,/people/person/profession,5,5,-1,-1,4458,-1,-1,-1,-1
1100,2256,/people/person/profession,5,0,-1,-1,-1,923,-1,-1,-1
1101,7131,/people/person/profession,5,4,-1,-1,-1,-1,-1,-1,-1
1102,1372,/people/person/profession,0,0,-1,-1,-1,4396,-1,-1,-1
1103,1394,/people/person/profession,0,5,-1,-1,-1,4396,-1,-1,-1
1104,2701,/people/person/profession,5,5,-1,-1,-1,1370,-1,-1,-1
1105,2432,/people/person/profession,5,5,-1,-1,-1,13857,-1,-1,-1
1106,7418,/people/person/profession,3,1,-1,-1,-1,4441,-1,-1,-1
1107,9620,/people/person/profession,0,5,-1,-1,10390,4396,-1,-1,-1
1108,2931,/people/person/profession,5,5,-1,-1,10390,10485,-1,7835,-1
1109,364,/people/person/profession,5,5,-1,-1,-1,1259,-1,7835,-1
1110,2189,/people/person/profession,5,0,-1,-1,-1,13857,-1,-1,-1
1111,4642,/people/person/profession,5,5,-1,-1,-1,10485,-1,-1,-1
1112,1659,/people/person/profession,0,0,-1,-1,10390,4396,-1,-1,-1
1113,4919,/people/person/profession,4,2,-1,-1,-1,6121,-1,-1,-1
1114,178,/people/person/profession,5,5,8663,-1,10390,11863,-1,-1,-1
1115,12673,/people/person/profession,0,0,-1,-1,-1,4396,-1,-1,-1
1116,6994,/people/person/profession,0,5,-1,-1,-1,4396,-1,-1,-1
1117,422,/people/person/profession,5,5,-1,-1,-1,5823,-1,-1,-1
1118,1981,/people/person/profession,5,5,-1,-1,-1,1259,-1,-1,-1
1119,5649,/people/person/profession,2,0,-1,-1,10390,1370,-1,-1,-1
1120,13098,/people/person/profession,0,0,-1,-1,-1,4396,-1,-1,-1
1121,12209,/people/person/profession,5,5,-1,-1,-1,-1,-1,-1,-1
1122,2077,/people/person/profession,5,5,-1,-1,-1,-1,-1,-1,-1
1123,1053,/people/person/profession,5,5,-1,-1,-1,-1,-1,-1,-1
1124,3933,/people/person/profession,2,1,-1,-1,-1,1370,-1,-1,-1
1125,337,/people/person/profession,5,5,8663,-1,-1,1259,-1,-1,-1
1126,650,/people/person/profession,5,5,-1,-1,-1,-1,-1,-1,-1
1127,340,/people/person/profession,0,5,8663,-1,-1,4396,-1,7835,-1
1128,8035,/people/person/profession,5,0,-1,-1,-1,13857,-1,-1,-1
1129,5367,/people/person/profession,5,5,-1,-1,-1,11863,-1,-1,-1
1130,13055,/people/person/profession,1,5,-1,-1,-1,11852,-1,-1,-1
1131,13076,/people/person/profession,3,2,-1,-1,-1,4441,-1,-1,-1
1132,2834,/people/person/profession,5,4,5420,-1,-1,13317,-1,-1,-1
1133,7032,/people/person/profession,3,2,-1,-1,-1,4441,-1,-1,-1
1134,13441,/people/person/profession,0,0,-1,-1,-1,4396,-1,-1,-1
1135,2090,/people/person/profession,5,5,-1,-1,-1,4396,-1,-1,-1
1136,302,/people/person/profession,0,5,-1,-1,-1,4396,-1,-1,-1
1137,2216,/people/person/profession,5,1,-1,-1,-1,1259,-1,-1,-1
1138,3076,/people/person/profession,3,0,-1,-1,-1,4441,-1,-1,-1
1139,5759,/people/person/profession,5,5,-1,-1,-1,5823,-1,-1,-1
1140,1799,/people/person/profession,5,5,-1,-1,-1,-1,-1,-1,-1
1141,8992,/people/person/profession,4,0,-1,-1,-1,6121,-1,-1,-1
1142,6131,/people/person/profession,0,5,-1,-1,-1,4396,-1,-1,-1
1143,2782,/people/person/profession,5,1,-1,-1,-1,1259,-1,-1,-1
1144,2616,/people/person/profession,5,3,-1,-1,-1,4510,-1,-1,-1
1145,11943,/people/person/profession,5,0,-1,-1,10390,11246,-1,-1,-1
1146,3056,/people/person/profession,0,0,-1,-1,-1,4396,-1,7835,-1
1147,12745,/people/person/profession,5,0,-1,-1,-1,10485,-1,-1,-1
1148,12515,/people/person/profession,1,2,-1,-1,10390,11852,-1,-1,-1
1149,9082,/people/person/profession,5,5,-1,-1,-1,-1,-1,-1,-1
1150,7947,/people/person/profession,5,5,-1,-1,10390,-1,-1,-1,-1
1151,6651,/people/person/profession,1,4,-1,-1,-1,11852,-1,-1,-1
1152,13909,/people/person/profession,3,2,-1,-1,-1,4441,-1,-1,-1
1153,8376,/people/person/profession,5,0,5420,-1,-1,159,-1,-1,-1
1154,3587,/people/person/profession,2,3,-1,-1,-1,1370,-1,-1,-1
1155,13971,/people/person/profession,5,5,-1,-1,-1,733,-1,-1,-1
1156,4549,/people/person/profession,1,1,-1,-1,-1,11852,-1,-1,-1
1157,12562,/people/person/profession,2,2,-1,-1,10390,-1,-1,-1,-1
1158,11552,/people/person/profession,1,4,-1,-1,10390,11852,-1,-1,-1
1159,2862,/people/person/profession,1,5,-1,-1,-1,11852,-1,-1,-1
1160,14027,/people/person/profession,5,0,-1,-1,-1,1370,-1,-1,-1
1161,12914,/people/person/profession,5,5,-1,-1,-1,10485,-1,-1,-1
1162,8585,/people/person/profession,3,0,-1,-1,-1,4441,-1,-1,-1
1163,13214,/people/person/profession,5,5,-1,-1,-1,13720,-1,-1,-1
1164,11508,/people/person/profession,5,5,-1,-1,-1,3444,-1,-1,-1
1165,1172,/people/person/profession,4,5,-1,-1,-1,6121,-1,7835,-1
1166,2864,/people/person/profession,5,5,8663,-1,-1,13803,-1,-1,-1
1167,5069,/people/person/profession,0,4,-1,-1,-1,4396,-1,-1,-1
1168,8989,/people/person/profession,4,4,-1,-1,-1,6121,-1,-1,-1
1169,3387,/people/person/profession,3,5,-1,-1,-1,4441,-1,-1,-1
1170,8178,/people/person/profession,5,1,-1,-1,-1,4510,-1,-1,-1
1171,6460,/people/person/profession,0,5,-1,-1,-1,4396,-1,-1,-1
1172,2465,/people/person/profession,0,0,-1,-1,-1,4396,-1,-1,-1
1173,3639,/people/person/profession,1,0,-1,-1,-1,1370,-1,-1,-1
1174,11294,/people/person/profession,0,5,8663,-1,-1,4396,-1,-1,-1
1175,9007,/people/person/profession,5,5,-1,-1,-1,10485,-1,-1,-1
1176,2246,/people/person/profession,5,0,-1,-1,-1,733,-1,-1,-1
1177,8234,/people/person/profession,3,4,-1,-1,10390,4441,-1,-1,-1
1178,11218,/people/person/profession,5,2,8663,-1,-1,-1,-1,-1,-1
1179,3916,/people/person/profession,1,4,-1,4353,-1,11852,-1,-1,-1
1180,7377,/people/person/profession,4,4,-1,-1,-1,6121,-1,-1,-1
1181,514,/people/person/profession,0,0,-1,-1,-1,4396,-1,-1,-1
1182,12123,/people/person/profession,5,5,-1,-1,-1,5823,-1,-1,-1
1183,9319,/people/person/profession,3,4,-1,-1,-1,4441,-1,-1,-1
1184,11743,/people/person/profession,2,0,-1,-1,-1,1370,-1,-1,-1
1185,620,/people/person/profession,0,4,-1,-1,-1,4396,-1,-1,-1
1186,1331,/people/person/profession,5,5,-1,-1,-1,13720,-1,-1,-1
1187,9551,/people/person/profession,1,5,-1,-1,-1,11852,-1,-1,-1
1188,1533,/people/person/profession,1,5,8663,-1,-1,11852,-1,-1,-1
1189,122,/people/person/profession,1,0,-1,-1,-1,11852,-1,-1,-1
1190,11963,/people/person/profession,0,0,-1,-1,-1,4396,-1,-1,-1
1191,8068,/people/person/profession,0,0,-1,-1,-1,4396,-1,-1,-1
1192,9735,/people/person/profession,5,5,-1,-1,-1,733,-1,-1,-1
1193,2319,/people/person/profession,3,5,-1,-1,-1,4441,-1,7835,-1
1194,6558,/people/person/profession,5,5,-1,-1,-1,-1,-1,-1,-1
1195,5704,/people/person/profession,2,1,-1,-1,-1,1370,-1,7835,-1
1196,3672,/people/person/profession,0,0,-1,-1,-1,4396,-1,-1,-1
1197,11888,/people/person/profession,5,5,-1,-1,-1,1259,-1,-1,-1
1198,13130,/people/person/profession,4,0,-1,-1,-1,6121,-1,-1,-1
1199,6237,/people/person/profession,0,0,-1,-1,-1,4396,-1,-1,-1
1200,6746,/people/person/profession,0,0,-1,-1,-1,4396,-1,-1,-1
1201,9380,/people/person/profession,5,0,-1,-1,-1,733,-1,-1,-1
1202,8986,/people/person/profession,5,5,-1,-1,-1,11246,-1,-1,-1
1203,7115,/people/person/profession,0,0,-1,-1,-1,4396,-1,-1,-1
1204,14383,/people/person/profession,5,5,-1,-1,-1,1259,-1,-1,-1
1205,12562,/people/person/profession,5,2,-1,-1,10390,-1,-1,-1,-1
1206,5918,/people/person/profession,5,5,-1,-1,-1,-1,-1,-1,-1
1207,9645,/people/person/profession,5,5,-1,-1,-1,-1,-1,-1,-1
1208,4079,/people/person/profession,5,5,8663,-1,-1,13803,-1,-1,-1
1209,2279,/people/person/profession,5,0,-1,-1,-1,13317,-1,-1,-1
1210,10786,/people/person/profession,5,2,-1,-1,-1,-1,-1,-1,-1
1211,6911,/people/person/profession,5,5,-1,-1,-1,11246,-1,7835,-1
1212,921,/people/person/profession,5,5,-1,-1,-1,11863,-1,-1,-1
1213,4421,/people/person/profession,2,0,-1,-1,10390,1370,-1,-1,-1
1214,10825,/people/person/profession,2,5,-1,-1,-1,1370,-1,-1,-1
1215,3639,/people/person/profession,2,0,-1,-1,-1,1370,-1,-1,-1
1216,7493,/people/person/profession,0,0,-1,-1,10390,4396,-1,-1,-1
1217,4648,/people/person/profession,5,5,-1,-1,-1,10485,-1,-1,-1
1218,1413,/people/person/profession,5,5,-1,-1,10390,923,-1,-1,-1
1219,5856,/people/person/profession,5,5,-1,-1,-1,13317,-1,-1,-1
1220,3355,/people/person/profession,3,0,-1,-1,10390,4441,-1,-1,-1
1221,6043,/people/person/profession,0,0,-1,-1,-1,4396,-1,-1,-1
1222,1196,/people/person/profession,5,5,-1,-1,-1,13720,-1,-1,-1
1223,1646,/people/person/profession,5,5,-1,-1,-1,10485,-1,-1,-1
1224,6980,/people/person/profession,5,5,-1,-1,10390,4396,-1,-1,-1
1225,6980,/people/person/profession,0,5,-1,-1,10390,4396,-1,-1,-1
1226,2761,/people/person/profession,5,0,-1,-1,-1,-1,-1,-1,-1
1227,8850,/people/person/profession,0,0,-1,-1,-1,4396,-1,-1,-1
1228,2790,/people/person/profession,5,4,-1,-1,-1,4510,-1,-1,-1
1229,1139,/people/person/profession,5,5,8663,-1,-1,4403,-1,-1,-1
1230,4382,/people/person/profession,0,0,8663,-1,-1,4396,-1,-1,-1
1231,3412,/people/person/profession,5,4,8663,-1,-1,13317,-1,-1,-1
1232,2646,/people/person/profession,1,0,-1,-1,-1,11852,-1,-1,-1
1233,11030,/people/person/profession,4,2,-1,-1,-1,6121,-1,-1,-1
1234,8037,/people/person/profession,5,5,-1,-1,-1,-1,-1,-1,-1
1235,7251,/people/person/profession,0,0,-1,-1,-1,4396,-1,-1,-1
1236,10238,/people/person/profession,5,0,-1,-1,-1,4510,-1,7835,-1
1237,3014,/people/person/profession,0,4,-1,-1,-1,4396,-1,-1,-1
1238,2852,/people/person/profession,0,5,-1,-1,-1,4396,-1,-1,-1
1239,77,/people/person/profession,5,0,-1,-1,-1,10485,-1,-1,-1
1240,6642,/people/person/profession,5,4,-1,-1,-1,4510,-1,-1,-1
1241,13383,/people/person/profession,5,1,-1,-1,-1,13317,-1,-1,-1
1242,14075,/people/person/profession,2,5,-1,-1,10390,1370,-1,-1,-1
1243,7536,/people/person/profession,5,0,-1,-1,-1,923,-1,-1,-1
1244,624,/people/person/profession,2,3,-1,-1,-1,1370,-1,-1,-1
1245,1690,/people/person/profession,0,0,-1,-1,-1,4396,-1,-1,-1
1246,8696,/people/person/profession,5,3,-1,-1,-1,11246,-1,-1,-1
1247,6841,/people/person/profession,3,5,-1,-1,-1,4441,-1,-1,-1
1248,8767,/people/person/profession,0,1,-1,-1,-1,4396,-1,-1,-1
1249,6783,/people/person/profession,0,0,5420,-1,-1,4396,-1,-1,-1
1250,2701,/people/person/profession,2,5,-1,-1,-1,1370,-1,-1,-1
1251,5869,/people/person/profession,5,5,-1,-1,-1,-1,-1,-1,-1
1252,10828,/people/person/profession,2,3,8663,-1,-1,1370,-1,-1,-1
1253,2884,/people/person/profession,0,0,-1,-1,-1,4396,-1,-1,-1
1254,8779,/people/person/profession,0,3,-1,-1,-1,4396,-1,7835,-1
1255,2235,/people/person/profession,5,4,-1,-1,-1,11518,-1,-1,-1
1256,6055,/people/person/profession,4,5,-1,-1,10390,6121,-1,-1,-1
1257,5831,/people/person/profession,5,5,-1,-1,10390,-1,-1,-1,-1
1258,178,/people/person/profession,5,5,8663,-1,10390,11863,-1,-1,-1
1259,9592,/people/person/profession,0,5,-1,-1,-1,4396,-1,-1,-1
1260,8848,/people/person/profession,5,5,-1,-1,-1,-1,-1,-1,-1
1261,3255,/people/person/profession,4,0,-1,-1,-1,6121,-1,-1,-1
1262,13232,/people/person/profession,3,1,-1,-1,-1,4441,-1,-1,-1
1263,610,/people/person/profession,5,5,-1,-1,-1,13317,-1,-1,-1
1264,1582,/people/person/profession,0,0,-1,-1,-1,4396,-1,-1,-1
1265,7671,/people/person/profession,5,5,-1,-1,-1,10485,-1,-1,-1
1266,9986,/people/person/profession,5,5,-1,-1,-1,-1,-1,-1,-1
1267,10787,/people/person/profession,5,4,-1,-1,-1,4510,-1,-1,-1
1268,2250,/people/person/profession,4,0,8663,-1,-1,6121,-1,-1,-1
1269,13936,/people/person/profession,4,4,-1,-1,-1,6121,-1,-1,-1
1270,6942,/people/person/profession,0,0,-1,-1,-1,4396,-1,-1,-1
1271,3085,/people/person/profession,5,5,-1,-1,-1,-1,-1,7835,-1
1272,8998,/people/person/profession,5,5,-1,-1,-1,-1,-1,-1,-1
1273,6165,/people/person/profession,5,5,-1,-1,-1,10485,-1,-1,-1
1274,12669,/people/person/profession,1,0,-1,4353,-1,11852,-1,-1,-1
1275,7789,/people/person/profession,5,5,-1,-1,-1,1259,-1,-1,-1
1276,9321,/people/person/profession,1,1,-1,-1,-1,11852,-1,-1,-1
1277,2777,/people/person/profession,0,4,-1,-1,-1,4396,-1,-1,-1
1278,13611,/people/person/profession,5,1,-1,-1,-1,159,-1,-1,-1
1279,5316,/people/person/profession,5,5,-1,-1,-1,-1,-1,-1,-1
1280,1944,/people/person/profession,0,5,8663,-1,-1,4396,-1,-1,-1
1281,2090,/people/person/profession,0,5,-1,-1,-1,4396,-1,-1,-1
1282,5157,/people/person/profession,5,5,-1,-1,-1,733,-1,-1,-1
1283,8971,/people/person/profession,0,1,8663,-1,-1,4396,-1,-1,-1
1284,12816,/people/person/profession,5,5,-1,-1,-1,4403,-1,-1,-1
1285,1879,/people/person/profession,5,5,-1,-1,-1,11863,-1,-1,-1
1286,6995,/people/person/profession,0,5,-1,4353,-1,4396,-1,-1,-1
1287,10010,/people/person/profession,5,5,8663,-1,-1,-1,-1,-1,-1
1288,11141,/people/person/profession,1,3,-1,-1,-1,11852,-1,-1,-1
1289,9018,/people/person/profession,2,3,-1,-1,-1,1370,-1,-1,-1
1290,8831,/people/person/profession,3,0,-1,-1,-1,4441,-1,-1,-1
1291,428,/people/person/profession,2,0,8663,-1,10390,1370,-1,7835,-1
1292,11079,/people/person/profession,1,3,-1,-1,-1,11852,-1,-1,-1
1293,2688,/people/person/profession,5,5,-1,-1,-1,13803,-1,-1,-1
1294,5237,/people/person/profession,5,5,-1,-1,-1,11863,-1,-1,-1
1295,476,/people/person/profession,5,5,5420,-1,-1,13803,-1,-1,-1
1296,2168,/people/person/profession,5,5,8663,-1,-1,11863,-1,-1,-1
1297,2700,/people/person/profession,5,5,-1,-1,-1,5823,-1,7835,-1
1298,10168,/people/person/profession,5,5,-1,-1,-1,-1,-1,-1,-1
1299,6965,/people/person/profession,2,2,8663,-1,10390,1370,-1,-1,-1
1300,2739,/people/person/profession,5,5,-1,-1,-1,5823,-1,-1,-1
1301,14027,/people/person/profession,2,0,-1,-1,-1,1370,-1,-1,-1
1302,10788,/people/person/profession,5,4,-1,-1,-1,11246,-1,-1,-1
1303,9288,/people/person/profession,1,5,-1,-1,-1,11852,-1,7835,-1
1304,10408,/people/person/profession,2,2,-1,-1,-1,1370,-1,-1,-1
1305,2559,/people/person/profession,4,2,8663,-1,-1,6121,-1,-1,-1
1306,3543,/people/person/profession,5,4,-1,-1,-1,4510,-1,-1,-1
1307,8071,/people/person/profession,5,0,-1,-1,-1,923,-1,-1,-1
1308,692,/people/person/profession,5,5,-1,-1,-1,733,-1,-1,-1
1309,699,/people/person/profession,4,0,-1,-1,-1,6121,-1,-1,-1
1310,13377,/people/person/profession,0,0,8663,-1,-1,4396,-1,-1,-1
